spill,clip,track,kind,t_clip_s,px,py,area_px,field_x_in,field_y_in
P3,saline-26900,52,pollen,26.605,624.5,395.0,307,62.3,71.1
P3,saline-26900,52,pollen,26.655,626.3,391.0,140,62.4,73.9
P3,saline-26900,52,pollen,26.705,624.8,390.0,125,62.1,74.6
P3,saline-26900,52,pollen,26.755,623.2,389.1,125,61.8,75.2
P3,saline-26900,52,pollen,26.805,621.9,388.3,126,61.6,75.7
P3,saline-26900,52,pollen,26.855,620.3,387.2,124,61.2,76.5
P3,saline-26900,52,pollen,26.905,619.3,386.3,124,61.0,77.1
P3,saline-26900,52,pollen,26.955,617.4,385.2,128,60.7,77.9
P3,saline-26900,52,pollen,27.005,616.0,384.0,135,60.4,78.8
P3,saline-26900,52,pollen,27.055,614.4,383.0,140,60.0,79.5
P3,saline-26900,52,pollen,27.105,613.2,382.4,133,59.8,79.9
P3,saline-26900,52,pollen,27.155,612.3,381.6,145,59.6,80.5
P3,saline-26900,52,pollen,27.205,610.3,380.9,139,59.2,80.9
P3,saline-26900,52,pollen,27.255,609.2,379.7,128,59.0,81.8
P3,saline-26900,52,pollen,27.305,608.1,379.0,129,58.8,82.3
P3,saline-26900,52,pollen,27.355,606.5,378.5,132,58.5,82.6
P3,saline-26900,52,pollen,27.405,605.9,377.2,133,58.3,83.6
P3,saline-26900,52,pollen,27.455,604.4,376.5,127,58.0,84.1
P3,saline-26900,52,pollen,27.505,603.7,376.4,113,57.9,84.2
P3,saline-26900,52,pollen,27.555,603.0,375.5,109,57.7,84.8
P3,saline-26900,52,pollen,27.605,601.7,374.5,115,57.4,85.6
P3,saline-26900,52,pollen,27.655,601.3,373.9,118,57.3,86.0
P3,saline-26900,52,pollen,27.705,600.0,372.6,128,57.0,86.9
P3,saline-26900,52,pollen,27.755,599.7,372.4,114,57.0,87.1
P3,saline-26900,52,pollen,27.805,598.6,371.6,125,56.8,87.6
P3,saline-26900,52,pollen,27.855,598.4,370.6,133,56.7,88.4
P3,saline-26900,52,pollen,27.905,598.0,370.5,121,56.6,88.5
P3,saline-26900,52,pollen,27.955,596.8,369.3,121,56.3,89.3
P3,saline-26900,52,pollen,28.005,596.4,368.5,120,56.2,89.9
P3,saline-26900,52,pollen,28.055,595.4,368.5,106,56.0,90.0
P3,saline-26900,52,pollen,28.105,594.4,367.0,115,55.8,91.1
P3,saline-26900,52,pollen,28.155,593.8,366.2,116,55.6,91.7
P3,saline-26900,52,pollen,28.205,592.9,365.3,117,55.4,92.3
P3,saline-26900,52,pollen,28.255,592.4,364.8,116,55.3,92.7
P3,saline-26900,52,pollen,28.305,591.9,364.3,109,55.2,93.0
P3,saline-26900,52,pollen,28.355,591.2,363.8,100,55.1,93.5
P3,saline-26900,52,pollen,28.405,590.4,362.8,109,54.9,94.2
P3,saline-26900,52,pollen,28.455,589.9,361.9,115,54.7,94.9
P3,saline-26900,52,pollen,28.505,589.4,360.8,116,54.6,95.7
P3,saline-26900,52,pollen,28.555,588.4,360.3,120,54.4,96.1
P3,saline-26900,52,pollen,28.605,588.0,359.3,120,54.3,96.8
P3,saline-26900,52,pollen,28.655,588.0,358.7,122,54.2,97.3
P3,saline-26900,52,pollen,28.705,586.4,357.7,132,53.9,98.0
P3,saline-26900,52,pollen,28.755,585.9,357.6,136,53.8,98.1
P3,saline-26900,52,pollen,28.805,585.3,357.1,130,53.6,98.5
P3,saline-26900,52,pollen,28.855,584.4,356.2,117,53.4,99.2
P3,saline-26900,52,pollen,28.905,584.2,356.3,121,53.4,99.1
P3,saline-26900,52,pollen,28.955,584.1,355.3,101,53.3,99.9
P3,saline-26900,52,pollen,29.005,583.0,355.3,102,53.1,99.9
P3,saline-26900,52,pollen,29.055,582.3,354.7,104,53.0,100.3
P3,saline-26900,52,pollen,29.105,581.9,353.4,101,52.8,101.3
P3,saline-26900,52,pollen,29.155,581.7,352.8,116,52.8,101.8
P3,saline-26900,52,pollen,29.205,580.8,351.6,104,52.5,102.7
P3,saline-26900,52,pollen,29.255,580.9,351.4,110,52.5,102.9
P3,saline-26900,52,pollen,29.305,581.0,351.1,110,52.5,103.1
P3,saline-26900,52,pollen,29.355,580.2,350.2,123,52.3,103.8
P3,saline-26900,52,pollen,29.405,579.6,349.6,110,52.2,104.3
P3,saline-26900,52,pollen,29.455,579.5,349.6,109,52.2,104.3
P3,saline-26900,52,pollen,29.505,578.8,349.2,114,52.0,104.6
P3,saline-26900,52,pollen,29.555,579.0,349.0,107,52.1,104.7
P3,saline-26900,52,pollen,29.605,578.8,348.6,103,52.0,105.1
P3,saline-26900,52,pollen,29.655,578.5,348.3,105,51.9,105.3
P3,saline-26900,52,pollen,29.705,578.6,348.1,105,51.9,105.5
P3,saline-26900,52,pollen,29.755,578.4,347.6,109,51.9,105.9
P3,saline-26900,52,pollen,29.805,578.4,347.2,108,51.8,106.2
P3,saline-26900,52,pollen,29.855,578.2,347.0,107,51.8,106.3
P3,saline-26900,52,pollen,29.905,578.2,346.7,106,51.8,106.6
P3,saline-26900,52,pollen,29.955,578.1,346.3,106,51.7,106.9
P3,saline-26900,52,pollen,30.005,577.7,345.4,101,51.6,107.5
P3,saline-26900,52,pollen,30.055,577.7,345.4,103,51.6,107.6
P3,saline-26900,52,pollen,30.105,577.6,344.5,96,51.5,108.3
P3,saline-26900,52,pollen,30.155,577.2,343.9,100,51.4,108.8
P3,saline-26900,52,pollen,30.205,577.4,343.3,97,51.4,109.3
P3,saline-26900,52,pollen,30.255,577.4,342.8,102,51.4,109.6
P3,saline-26900,52,pollen,30.305,576.9,342.1,95,51.3,110.2
P3,saline-26900,55,pollen,26.705,610.6,456.3,50,62.1,32.7
P3,saline-26900,55,pollen,26.755,611.6,456.4,54,62.3,32.6
P3,saline-26900,55,pollen,26.805,615.2,458.9,121,62.9,31.1
P3,saline-26900,55,pollen,26.855,616.8,458.8,129,63.2,31.2
P3,saline-26900,55,pollen,26.905,620.0,458.7,143,63.7,31.2
P3,saline-26900,55,pollen,26.955,621.8,458.6,124,64.0,31.3
P3,saline-26900,55,pollen,27.005,625.9,458.1,131,64.6,31.5
P3,saline-26900,55,pollen,27.055,626.8,458.0,138,64.7,31.6
P3,saline-26900,55,pollen,27.105,627.7,458.0,124,64.9,31.6
P3,saline-26900,55,pollen,27.155,631.1,458.1,121,65.4,31.5
P3,saline-26900,55,pollen,27.205,633.8,457.5,88,65.8,31.9
P3,saline-26900,55,pollen,27.255,635.6,457.1,98,66.1,32.1
P3,saline-26900,55,pollen,27.305,636.8,457.2,103,66.3,32.0
P3,saline-26900,55,pollen,27.355,640.1,456.8,73,66.8,32.2
P3,saline-26900,55,pollen,27.405,642.5,456.1,56,67.2,32.7
P3,saline-26900,55,pollen,27.455,643.9,455.4,28,67.4,33.1
P3,saline-26900,55,pollen,27.505,644.8,455.4,28,67.5,33.1
P3,saline-26900,55,pollen,27.555,644.8,455.4,28,67.5,33.1
P3,saline-26900,55,pollen,27.605,648.2,455.2,24,68.1,33.2
P3,saline-26900,55,pollen,27.655,648.8,455.8,24,68.2,32.8
P3,saline-26900,57,pollen,26.955,642.5,455.5,24,67.2,33.0
P3,saline-26900,57,pollen,27.005,654.1,460.7,306,69.2,30.0
P3,saline-26900,57,pollen,27.055,656.5,463.2,423,69.6,28.5
P3,saline-26900,57,pollen,27.105,658.5,464.1,452,70.0,28.0
P3,saline-26900,57,pollen,27.155,661.3,466.8,459,70.4,26.4
P3,saline-26900,57,pollen,27.205,663.7,469.3,428,70.9,25.1
P3,saline-26900,57,pollen,27.255,658.4,464.9,262,69.9,27.6
P3,saline-26900,57,pollen,27.305,660.1,467.3,218,70.3,26.2
P3,saline-26900,57,pollen,27.355,661.5,469.9,209,70.5,24.7
P3,saline-26900,57,pollen,27.405,664.0,472.3,193,71.0,23.4
P3,saline-26900,57,pollen,27.455,665.6,474.6,177,71.3,22.1
P3,saline-26900,57,pollen,27.505,667.5,476.9,180,71.6,20.8
P3,saline-26900,57,pollen,27.555,668.9,478.9,180,71.9,19.7
P3,saline-26900,57,pollen,27.605,671.1,480.5,192,72.3,18.9
P3,saline-26900,57,pollen,27.655,672.8,482.4,194,72.6,17.8
P3,saline-26900,57,pollen,27.705,674.1,484.1,180,72.8,16.9
P3,saline-26900,57,pollen,27.755,676.1,486.8,194,73.2,15.4
P3,saline-26900,57,pollen,27.805,677.5,488.8,189,73.4,14.4
P3,saline-26900,57,pollen,27.855,679.0,490.7,185,73.7,13.3
P3,saline-26900,57,pollen,27.905,680.3,493.2,171,73.9,12.0
P3,saline-26900,57,pollen,27.955,681.6,494.9,192,74.2,11.1
P3,saline-26900,57,pollen,28.005,683.5,496.9,196,74.5,10.0
P3,saline-26900,57,pollen,28.055,684.8,500.0,204,74.7,8.4
P3,saline-26900,57,pollen,28.105,686.1,500.2,202,74.9,8.3
P3,saline-26900,57,pollen,28.155,688.1,502.3,195,75.3,7.2
P3,saline-26900,57,pollen,28.205,689.3,503.0,192,75.5,6.9
P3,saline-26900,57,pollen,28.255,690.3,502.9,214,75.6,6.9
P3,saline-26900,57,pollen,28.305,690.8,502.7,218,75.7,7.0
P3,saline-26900,57,pollen,28.355,692.5,502.7,216,75.9,7.0
P3,saline-26900,57,pollen,28.405,692.9,502.6,214,76.0,7.0
P3,saline-26900,57,pollen,28.455,693.6,502.8,202,76.1,6.9
P3,saline-26900,57,pollen,28.505,694.9,502.7,212,76.3,7.0
P3,saline-26900,57,pollen,28.555,695.0,502.6,209,76.3,7.0
P3,saline-26900,57,pollen,28.605,695.4,502.5,206,76.4,7.0
P3,saline-26900,57,pollen,28.655,695.6,502.5,208,76.4,7.0
P3,saline-26900,57,pollen,28.705,695.6,502.5,207,76.4,7.1
P3,saline-26900,57,pollen,28.755,695.8,502.7,208,76.4,7.0
P3,saline-26900,57,pollen,28.805,696.5,502.6,204,76.5,7.0
P3,saline-26900,57,pollen,28.855,696.9,502.5,213,76.6,7.0
P3,saline-26900,57,pollen,28.905,697.6,502.8,196,76.7,6.9
P3,saline-26900,57,pollen,28.955,697.6,502.5,205,76.7,7.1
P3,saline-26900,57,pollen,29.005,697.8,502.7,200,76.7,6.9
P3,saline-26900,57,pollen,29.055,697.7,502.7,199,76.7,7.0
P3,saline-26900,57,pollen,29.105,697.8,502.4,199,76.7,7.1
P3,saline-26900,57,pollen,29.155,697.7,502.7,198,76.7,6.9
P3,saline-26900,57,pollen,29.205,697.7,502.6,207,76.7,7.0
P3,saline-26900,57,pollen,29.255,697.1,502.7,201,76.6,7.0
P3,saline-26900,57,pollen,29.305,696.9,502.7,208,76.6,6.9
P3,saline-26900,57,pollen,29.355,696.4,502.7,206,76.5,7.0
P3,saline-26900,57,pollen,29.405,696.5,502.8,205,76.5,6.9
P3,saline-26900,57,pollen,29.455,696.2,502.9,208,76.5,6.9
P3,saline-26900,57,pollen,29.505,696.6,502.7,207,76.6,6.9
P3,saline-26900,57,pollen,29.555,696.9,502.7,210,76.6,7.0
P3,saline-26900,57,pollen,29.605,696.9,502.7,210,76.6,7.0
P3,saline-26900,57,pollen,29.655,697.0,502.6,213,76.6,7.0
P3,saline-26900,57,pollen,29.705,697.0,502.6,213,76.6,7.0
P3,saline-26900,57,pollen,29.755,696.8,502.8,211,76.6,6.9
P3,saline-26900,57,pollen,29.805,696.6,502.9,212,76.6,6.8
P3,saline-26900,57,pollen,29.855,696.5,503.1,211,76.6,6.8
P3,saline-26900,57,pollen,29.905,696.6,502.9,212,76.6,6.8
P3,saline-26900,57,pollen,29.955,696.7,502.9,208,76.6,6.8
P3,saline-26900,57,pollen,30.005,696.8,503.0,206,76.6,6.8
P3,saline-26900,57,pollen,30.055,696.9,503.0,205,76.6,6.8
P3,saline-26900,57,pollen,30.105,696.6,502.9,213,76.6,6.8
P3,saline-26900,57,pollen,30.155,696.6,502.9,213,76.6,6.8
P3,saline-26900,57,pollen,30.205,696.6,502.9,213,76.6,6.8
P3,saline-26900,57,pollen,30.255,696.6,502.9,213,76.6,6.8
P3,saline-26900,57,pollen,30.305,696.7,502.9,210,76.6,6.8
M10r,saline-31340,17,red,17.475,546.6,403.8,89,49.4,63.0
M10r,saline-31340,17,red,17.525,546.6,403.8,89,49.4,63.0
M10r,saline-31340,17,red,17.575,546.6,403.8,89,49.4,63.0
M10r,saline-31340,17,red,17.625,546.6,403.8,89,49.4,63.0
M10r,saline-31340,17,red,17.675,547.2,403.9,95,49.5,62.9
M10r,saline-31340,17,red,17.725,547.2,403.9,95,49.5,62.9
M10r,saline-31340,17,red,17.775,547.2,403.9,95,49.5,62.9
M10r,saline-31340,17,red,17.825,547.2,403.9,95,49.5,62.9
M10r,saline-31340,17,red,17.875,547.2,403.9,95,49.5,62.9
M10r,saline-31340,17,red,17.925,547.2,403.9,95,49.5,62.9
M10r,saline-31340,17,red,17.975,547.2,403.9,95,49.5,62.9
M10r,saline-31340,17,red,18.025,547.2,403.9,95,49.5,62.9
M10r,saline-31340,17,red,18.075,547.2,403.9,95,49.5,62.9
M10r,saline-31340,17,red,18.125,547.2,403.9,95,49.5,62.9
M10r,saline-31340,17,red,18.175,547.2,403.9,95,49.5,62.9
M10r,saline-31340,17,red,18.225,547.2,403.9,95,49.5,62.9
M10r,saline-31340,17,red,18.275,547.2,403.9,95,49.5,62.9
M10r,saline-31340,17,red,18.325,547.2,403.9,95,49.5,62.9
M10r,saline-31340,17,red,18.375,546.9,403.9,101,49.5,63.0
M10r,saline-31340,17,red,18.425,547.1,403.8,99,49.5,63.0
M10r,saline-31340,17,red,18.475,546.1,403.7,102,49.3,63.1
M10r,saline-31340,17,red,18.525,540.0,400.1,213,48.1,65.4
M10r,saline-31340,17,red,18.575,532.1,400.9,281,46.7,64.9
M10r,saline-31340,17,red,18.625,516.3,410.0,249,44.5,59.2
M10r,saline-31340,17,red,18.675,508.0,422.8,298,43.8,51.2
M10r,saline-31340,17,red,18.725,499.7,435.6,142,43.1,43.5
M10r,saline-31340,17,red,18.775,487.8,457.8,178,42.3,30.8
M10r,saline-31340,17,red,18.825,481.3,458.7,195,41.3,30.3
M10r,saline-31340,17,red,18.875,478.1,460.1,267,40.9,29.5
M10r,saline-31340,17,red,18.925,473.6,464.7,351,40.4,26.9
M10r,saline-31340,17,red,18.975,469.3,472.1,448,40.1,22.9
M10r,saline-31340,17,red,19.025,465.4,478.9,505,39.9,19.2
M10r,saline-31340,17,red,19.075,461.1,480.5,493,39.3,18.4
M10r,saline-31340,17,red,19.125,456.5,485.6,504,38.8,15.7
M10r,saline-31340,17,red,19.175,464.0,499.2,290,40.8,8.6
M10r,saline-31340,17,red,19.225,460.6,499.4,303,40.3,8.5
M10r,saline-31340,17,red,19.275,459.2,499.5,270,40.0,8.4
M10r,saline-31340,17,red,19.325,457.4,499.6,255,39.8,8.4
M10r,saline-31340,17,red,19.375,455.7,498.8,258,39.5,8.8
M10r,saline-31340,17,red,19.425,453.4,498.4,271,39.1,9.0
M10r,saline-31340,17,red,19.475,451.7,498.0,253,38.8,9.2
M10r,saline-31340,17,red,19.525,449.1,498.0,239,38.4,9.2
M10r,saline-31340,17,red,19.575,448.1,498.0,227,38.2,9.2
M10r,saline-31340,17,red,19.625,445.5,497.6,240,37.8,9.5
M10r,saline-31340,17,red,19.675,444.0,496.9,243,37.5,9.8
M10r,saline-31340,17,red,19.725,442.5,496.2,272,37.3,10.2
M10r,saline-31340,17,red,19.775,440.9,495.9,277,37.0,10.3
M10r,saline-31340,17,red,19.825,438.6,495.9,264,36.6,10.3
M10r,saline-31340,17,red,19.875,437.0,495.7,267,36.4,10.4
M10r,saline-31340,17,red,19.925,434.1,495.4,231,35.9,10.6
M10r,saline-31340,17,red,19.975,432.0,495.4,231,35.6,10.6
M10r,saline-31340,17,red,20.025,430.4,495.8,244,35.3,10.4
M10r,saline-31340,17,red,20.075,428.7,495.8,273,35.1,10.4
M10r,saline-31340,17,red,20.125,426.7,496.2,257,34.8,10.3
M10r,saline-31340,17,red,20.175,425.4,495.3,272,34.5,10.7
M10r,saline-31340,17,red,20.225,423.3,495.8,261,34.2,10.4
M10r,saline-31340,17,red,20.275,422.1,496.0,258,34.0,10.4
M10r,saline-31340,17,red,20.325,420.8,496.1,265,33.8,10.3
M10r,saline-31340,17,red,20.375,419.1,495.7,254,33.6,10.5
M10r,saline-31340,17,red,20.425,416.9,495.5,291,33.2,10.6
M10r,saline-31340,17,red,20.475,416.9,495.8,268,33.2,10.5
M10r,saline-31340,17,red,20.525,416.2,495.6,258,33.1,10.6
M10r,saline-31340,17,red,20.575,414.9,495.5,263,32.9,10.6
M10r,saline-31340,17,red,20.625,414.6,494.9,269,32.8,11.0
M10r,saline-31340,17,red,20.675,413.6,495.3,257,32.7,10.8
M10r,saline-31340,17,red,20.725,413.5,495.3,256,32.7,10.7
M10r,saline-31340,17,red,20.775,412.7,495.2,257,32.5,10.8
M10r,saline-31340,17,red,20.825,412.2,495.2,248,32.5,10.8
M10r,saline-31340,17,red,20.875,412.0,495.4,258,32.4,10.7
M10r,saline-31340,17,red,20.925,410.9,494.7,279,32.2,11.0
M10r,saline-31340,17,red,20.975,410.7,494.6,290,32.2,11.1
M10r,saline-31340,17,red,21.025,410.7,494.7,287,32.2,11.1
M10r,saline-31340,17,red,21.075,410.4,494.4,292,32.1,11.2
M10r,saline-31340,17,red,21.125,410.6,494.5,286,32.1,11.1
M10r,saline-31340,17,red,21.175,410.2,494.4,290,32.1,11.2
M10r,saline-31340,17,red,21.225,410.2,494.4,290,32.1,11.2
M10r,saline-31340,17,red,21.275,410.3,494.3,296,32.1,11.3
M10r,saline-31340,17,red,21.325,410.4,494.2,302,32.1,11.3
M10r,saline-31340,17,red,21.375,410.8,494.2,303,32.2,11.3
M10r,saline-31340,17,red,21.425,412.3,494.4,272,32.4,11.2
M10r,saline-31340,17,red,21.475,412.4,494.7,279,32.5,11.1
M10r,saline-31340,17,red,21.525,412.7,494.5,282,32.5,11.2
M10r,saline-31340,17,red,21.575,412.8,494.2,275,32.5,11.3
M10r,saline-31340,17,red,21.625,412.8,494.3,272,32.5,11.3
M10r,saline-31340,17,red,21.675,412.8,494.4,265,32.5,11.2
M10r,saline-31340,17,red,21.725,412.3,494.6,259,32.4,11.1
M10r,saline-31340,17,red,21.775,411.3,494.5,250,32.3,11.1
M10r,saline-31340,17,red,21.825,411.3,494.6,247,32.3,11.1
M10r,saline-31340,17,red,21.875,411.9,494.5,253,32.4,11.2
M10r,saline-31340,17,red,21.925,412.5,494.3,264,32.4,11.3
M10r,saline-31340,17,red,21.975,412.4,494.3,265,32.4,11.3
M10r,saline-31340,17,red,22.025,412.5,494.4,263,32.4,11.2
M10r,saline-31340,17,red,22.075,412.3,494.5,256,32.4,11.1
M10r,saline-31340,17,red,22.125,412.3,494.6,254,32.4,11.1
M10r,saline-31340,61,pollen,18.875,598.9,392.0,160,58.1,70.5
M10r,saline-31340,61,pollen,18.925,599.3,389.3,149,58.1,72.3
M10r,saline-31340,61,pollen,18.975,599.6,389.0,153,58.1,72.5
M10r,saline-31340,61,pollen,19.025,600.1,392.0,138,58.3,70.6
M10r,saline-31340,61,pollen,19.075,600.2,389.9,140,58.2,71.9
M10r,saline-31340,61,pollen,19.125,600.1,389.2,118,58.2,72.4
M10r,saline-31340,61,pollen,19.175,600.8,387.7,117,58.3,73.4
M10r,saline-31340,61,pollen,19.225,600.9,385.0,142,58.2,75.2
M10r,saline-31340,61,pollen,19.275,600.8,383.2,145,58.1,76.4
M10r,saline-31340,61,pollen,19.325,600.8,380.8,154,58.0,78.0
M10r,saline-31340,61,pollen,19.375,600.8,378.9,159,57.9,79.3
M10r,saline-31340,61,pollen,19.425,601.2,377.6,140,57.9,80.2
M10r,saline-31340,61,pollen,19.475,601.3,375.6,143,57.9,81.6
M10r,saline-31340,61,pollen,19.525,601.3,374.4,132,57.8,82.4
M10r,saline-31340,61,pollen,19.575,601.7,372.9,131,57.8,83.5
M10r,saline-31340,61,pollen,19.625,601.6,370.9,126,57.7,84.8
M10r,saline-31340,61,pollen,19.675,601.8,369.1,120,57.7,86.1
M10r,saline-31340,61,pollen,19.725,601.8,367.8,125,57.6,87.0
M10r,saline-31340,61,pollen,19.775,602.1,365.9,127,57.6,88.4
M10r,saline-31340,61,pollen,19.825,602.2,364.6,123,57.6,89.2
M10r,saline-31340,61,pollen,19.875,602.8,363.1,130,57.6,90.3
M10r,saline-31340,61,pollen,19.925,602.7,361.5,127,57.5,91.5
M10r,saline-31340,61,pollen,19.975,603.0,360.5,116,57.5,92.1
M10r,saline-31340,61,pollen,20.025,603.8,359.0,107,57.6,93.2
M10r,saline-31340,61,pollen,20.075,603.9,357.4,114,57.6,94.4
M10r,saline-31340,61,pollen,20.125,603.6,356.0,106,57.5,95.4
M10r,saline-31340,61,pollen,20.175,603.9,354.5,108,57.5,96.5
M10r,saline-31340,61,pollen,20.225,604.3,353.2,109,57.5,97.4
M10r,saline-31340,61,pollen,20.275,604.9,352.5,108,57.6,98.0
M10r,saline-31340,61,pollen,20.325,605.1,351.2,82,57.5,98.9
M10r,saline-31340,61,pollen,20.375,605.6,350.0,94,57.6,99.8
M10r,saline-31340,61,pollen,20.425,605.5,348.3,104,57.5,101.0
M10r,saline-31340,61,pollen,20.475,606.0,347.2,100,57.5,101.8
M10r,saline-31340,61,pollen,20.525,606.5,345.6,88,57.6,103.0
M10r,saline-31340,61,pollen,20.575,605.8,345.0,98,57.4,103.5
M10r,saline-31340,61,pollen,20.625,606.0,343.7,91,57.4,104.5
M10r,saline-31340,61,pollen,20.675,606.3,342.5,93,57.4,105.3
M10r,saline-31340,61,pollen,20.725,606.5,341.5,86,57.4,106.1
M10r,saline-31340,61,pollen,20.775,607.2,340.2,92,57.4,107.0
M10r,saline-31340,61,pollen,20.825,606.9,339.9,85,57.4,107.3
M10r,saline-31340,61,pollen,20.875,607.5,338.9,84,57.4,108.1
M10r,saline-31340,61,pollen,20.925,608.4,337.5,77,57.6,109.1
M10r,saline-31340,61,pollen,20.975,608.6,336.2,80,57.6,110.1
M10r,saline-31340,61,pollen,21.025,608.5,334.7,86,57.5,111.3
M10r,saline-31340,61,pollen,21.075,608.7,333.6,79,57.5,112.1
M10r,saline-31340,61,pollen,21.125,609.2,332.7,87,57.5,112.8
M10r,saline-31340,61,pollen,21.175,609.3,331.0,90,57.5,114.1
M10r,saline-31340,61,pollen,21.225,609.2,330.2,92,57.4,114.7
M10r,saline-31340,61,pollen,21.275,609.6,329.2,91,57.4,115.5
M10r,saline-31340,61,pollen,21.325,610.1,328.0,89,57.5,116.4
M10r,saline-31340,61,pollen,21.375,610.6,327.1,82,57.5,117.1
M10r,saline-31340,61,pollen,21.425,610.8,325.4,91,57.5,118.5
M10r,saline-31340,61,pollen,21.475,611.5,325.0,93,57.6,118.8
M10r,saline-31340,61,pollen,21.525,612.4,324.1,83,57.7,119.5
M10r,saline-31340,61,pollen,21.575,612.5,323.5,80,57.8,120.0
M10r,saline-31340,61,pollen,21.625,612.6,323.1,78,57.7,120.3
M10r,saline-31340,61,pollen,21.675,612.9,321.7,80,57.7,121.4
M10r,saline-31340,61,pollen,21.725,612.7,321.2,79,57.7,121.8
M10r,saline-31340,61,pollen,21.775,613.9,320.4,76,57.9,122.4
M10r,saline-31340,61,pollen,21.825,614.6,319.4,73,58.0,123.2
M10r,saline-31340,61,pollen,21.875,615.0,318.3,79,58.0,124.1
M10r,saline-31340,61,pollen,21.925,615.8,317.5,78,58.1,124.7
M10r,saline-31340,61,pollen,21.975,616.6,316.6,69,58.2,125.4
M10r,saline-31340,61,pollen,22.025,617.8,315.8,84,58.4,126.1
M10r,saline-31340,61,pollen,22.075,618.1,315.2,85,58.5,126.6
M10r,saline-31340,61,pollen,22.125,619.0,314.3,79,58.6,127.3
M10b,saline-31340,9,pollen,20.725,576.3,389.5,133,54.0,72.3
M10b,saline-31340,9,pollen,20.775,579.7,388.8,135,54.6,72.7
M10b,saline-31340,9,pollen,20.825,583.0,388.4,130,55.1,73.0
M10b,saline-31340,9,pollen,20.875,586.6,388.1,130,55.7,73.2
M10b,saline-31340,9,pollen,20.925,589.5,387.2,136,56.2,73.7
M10b,saline-31340,9,pollen,20.975,593.0,387.1,129,56.8,73.8
M10b,saline-31340,9,pollen,21.025,596.6,386.9,132,57.5,73.9
M10b,saline-31340,9,pollen,21.075,599.8,386.3,121,58.0,74.3
M10b,saline-31340,9,pollen,21.125,603.4,386.0,118,58.7,74.5
M10b,saline-31340,9,pollen,21.175,606.4,385.2,128,59.2,75.1
M10b,saline-31340,9,pollen,21.225,609.6,385.3,114,59.7,75.0
M10b,saline-31340,9,pollen,21.275,612.8,384.9,126,60.3,75.3
M10b,saline-31340,9,pollen,21.325,615.5,384.2,121,60.8,75.7
M10b,saline-31340,9,pollen,21.375,618.8,383.8,127,61.3,75.9
M10b,saline-31340,9,pollen,21.425,622.2,383.1,130,61.9,76.4
M10b,saline-31340,9,pollen,21.475,625.3,383.0,126,62.5,76.5
M10b,saline-31340,9,pollen,21.525,628.2,382.2,129,63.0,77.0
M10b,saline-31340,9,pollen,21.575,630.9,381.5,139,63.4,77.5
M10b,saline-31340,9,pollen,21.625,634.4,381.8,126,64.1,77.3
M10b,saline-31340,9,pollen,21.675,636.6,381.0,128,64.4,77.8
M10b,saline-31340,9,pollen,21.725,638.8,380.8,124,64.8,77.9
M10b,saline-31340,9,pollen,21.775,641.3,380.7,131,65.3,78.0
M10b,saline-31340,9,pollen,21.825,644.4,380.1,113,65.8,78.4
M10b,saline-31340,9,pollen,21.875,647.4,380.4,113,66.4,78.2
M10b,saline-31340,9,pollen,21.925,649.3,379.7,119,66.7,78.7
M10b,saline-31340,9,pollen,21.975,652.0,379.5,114,67.2,78.8
M10b,saline-31340,9,pollen,22.025,654.5,379.1,110,67.6,79.1
M10b,saline-31340,9,pollen,22.075,656.8,378.6,116,68.0,79.4
M10b,saline-31340,9,pollen,22.125,659.1,377.9,127,68.4,79.8
M10b,saline-31340,9,pollen,22.175,661.1,377.2,132,68.7,80.3
M10b,saline-31340,9,pollen,22.225,662.8,376.9,147,69.0,80.5
M10b,saline-31340,9,pollen,22.275,664.7,377.0,136,69.4,80.5
M10b,saline-31340,9,pollen,22.325,666.0,376.6,112,69.6,80.7
M10b,saline-31340,9,pollen,22.375,667.8,375.3,134,69.9,81.6
M10b,saline-31340,9,pollen,22.425,669.4,375.1,132,70.2,81.7
M10b,saline-31340,9,pollen,22.475,670.7,375.1,116,70.4,81.8
M10b,saline-31340,9,pollen,22.525,672.1,374.0,122,70.6,82.5
M10b,saline-31340,9,pollen,22.575,673.3,373.6,129,70.9,82.8
M10b,saline-31340,9,pollen,22.625,675.1,373.1,124,71.2,83.1
M10b,saline-31340,9,pollen,22.675,677.2,372.5,116,71.5,83.5
M10b,saline-31340,9,pollen,22.725,678.6,372.0,133,71.8,83.9
M10b,saline-31340,9,pollen,22.775,679.6,371.6,126,72.0,84.1
M10b,saline-31340,9,pollen,22.825,681.3,371.4,126,72.3,84.3
M10b,saline-31340,9,pollen,22.875,682.4,371.2,120,72.5,84.4
M10b,saline-31340,9,pollen,22.925,683.6,370.6,120,72.7,84.8
M10b,saline-31340,9,pollen,22.975,684.8,370.4,122,72.9,85.0
M10b,saline-31340,9,pollen,23.025,685.5,370.3,115,73.0,85.0
M10b,saline-31340,9,pollen,23.075,686.6,369.5,121,73.2,85.6
M10b,saline-31340,9,pollen,23.125,687.9,369.1,110,73.4,85.8
M10b,saline-31340,9,pollen,23.175,689.0,368.5,116,73.6,86.3
M10b,saline-31340,9,pollen,23.225,689.5,368.4,108,73.7,86.3
M10b,saline-31340,9,pollen,23.275,690.5,367.8,106,73.9,86.7
M10b,saline-31340,9,pollen,23.325,691.3,366.7,128,74.0,87.5
M10b,saline-31340,9,pollen,23.375,691.8,366.5,117,74.1,87.7
M10b,saline-31340,9,pollen,23.425,692.4,365.8,123,74.2,88.2
M10b,saline-31340,9,pollen,23.475,693.2,365.5,119,74.3,88.4
M10b,saline-31340,9,pollen,23.525,693.6,364.9,117,74.4,88.8
M10b,saline-31340,9,pollen,23.575,693.6,364.9,115,74.4,88.8
M10b,saline-31340,9,pollen,23.625,694.2,364.0,124,74.5,89.4
M10b,saline-31340,9,pollen,23.675,694.2,364.0,122,74.5,89.4
M10b,saline-31340,9,pollen,23.725,694.4,363.4,117,74.5,89.8
M10b,saline-31340,9,pollen,23.775,694.8,362.9,124,74.6,90.2
M10b,saline-31340,9,pollen,23.825,695.1,362.5,121,74.6,90.5
M10b,saline-31340,9,pollen,23.875,695.4,362.4,106,74.7,90.6
M10b,saline-31340,9,pollen,23.925,696.2,361.8,108,74.8,91.0
M10b,saline-31340,9,pollen,23.975,696.5,361.5,114,74.8,91.2
M10b,saline-31340,9,pollen,24.025,696.9,360.9,115,74.9,91.6
M10b,saline-31340,9,pollen,24.075,697.4,360.4,120,75.0,92.0
M10b,saline-31340,9,pollen,24.125,697.8,360.2,114,75.1,92.1
M10b,saline-31340,9,pollen,24.175,698.5,359.8,121,75.2,92.4
M10b,saline-31340,9,pollen,24.225,698.9,359.6,107,75.2,92.5
M10b,saline-31340,9,pollen,24.275,699.7,359.5,106,75.4,92.6
M10b,saline-31340,9,pollen,24.325,699.8,359.3,106,75.4,92.7
M10b,saline-31340,9,pollen,24.375,700.3,358.9,112,75.5,93.1
M10b,saline-31340,9,pollen,24.425,700.5,358.7,108,75.5,93.2
M10b,saline-31340,9,pollen,24.475,700.5,358.4,108,75.5,93.4
M10b,saline-31340,9,pollen,24.525,700.7,357.8,108,75.5,93.9
M10b,saline-31340,9,pollen,24.575,700.7,357.7,107,75.5,93.9
M10b,saline-31340,9,pollen,24.625,700.3,357.3,105,75.5,94.2
M10b,saline-31340,9,pollen,24.675,700.3,357.1,106,75.5,94.3
M10b,saline-31340,9,pollen,24.725,699.1,356.4,114,75.2,94.8
M10b,saline-31340,9,pollen,24.775,698.9,356.5,113,75.2,94.8
M10b,saline-31340,9,pollen,24.825,697.9,356.2,109,75.0,95.0
M10b,saline-31340,9,pollen,24.875,697.1,356.1,108,74.9,95.1
M10b,saline-31340,9,pollen,24.925,696.5,355.6,110,74.7,95.4
M10b,saline-31340,9,pollen,24.975,696.1,355.7,108,74.6,95.4
M10b,saline-31340,9,pollen,25.025,695.3,355.3,96,74.5,95.6
M10b,saline-31340,9,pollen,25.075,694.2,355.0,104,74.3,95.9
M10b,saline-31340,9,pollen,25.125,693.4,354.7,101,74.1,96.1
M10b,saline-31340,9,pollen,25.175,693.1,354.7,100,74.1,96.1
M10b,saline-31340,9,pollen,25.225,692.0,354.4,111,73.9,96.3
M10b,saline-31340,9,pollen,25.275,691.4,354.5,100,73.8,96.3
M10b,saline-31340,9,pollen,25.325,690.1,354.1,97,73.5,96.6
M10b,saline-31340,9,pollen,25.375,689.4,354.2,96,73.4,96.4
M10b,saline-31340,11,pollen,20.725,389.3,428.6,164,24.0,48.1
M10b,saline-31340,11,pollen,20.775,387.2,429.0,155,23.7,47.9
M10b,saline-31340,11,pollen,20.825,384.9,429.5,160,23.3,47.6
M10b,saline-31340,11,pollen,20.875,383.2,429.9,164,23.1,47.3
M10b,saline-31340,11,pollen,20.925,380.9,429.9,164,22.7,47.3
M10b,saline-31340,11,pollen,20.975,378.6,430.5,147,22.4,47.0
M10b,saline-31340,11,pollen,21.025,376.9,431.0,148,22.1,46.7
M10b,saline-31340,11,pollen,21.075,374.3,431.4,145,21.7,46.5
M10b,saline-31340,11,pollen,21.125,372.2,431.8,138,21.4,46.2
M10b,saline-31340,11,pollen,21.175,370.5,432.1,141,21.1,46.0
M10b,saline-31340,11,pollen,21.225,368.2,432.4,151,20.8,45.8
M10b,saline-31340,11,pollen,21.275,365.7,433.0,155,20.4,45.5
M10b,saline-31340,11,pollen,21.325,363.3,433.1,157,20.0,45.5
M10b,saline-31340,11,pollen,21.375,361.8,433.2,168,19.7,45.4
M10b,saline-31340,11,pollen,21.425,359.5,433.7,162,19.4,45.1
M10b,saline-31340,11,pollen,21.475,357.0,434.1,151,19.0,44.9
M10b,saline-31340,11,pollen,21.525,354.7,434.4,144,18.7,44.7
M10b,saline-31340,11,pollen,21.575,352.2,434.5,146,18.3,44.6
M10b,saline-31340,11,pollen,21.625,350.7,434.9,150,18.0,44.4
M10b,saline-31340,11,pollen,21.675,348.8,435.0,149,17.7,44.4
M10b,saline-31340,11,pollen,21.725,346.9,435.2,149,17.4,44.3
M10b,saline-31340,11,pollen,21.775,345.3,435.2,146,17.1,44.3
M10b,saline-31340,11,pollen,21.825,343.5,434.8,163,16.8,44.5
M10b,saline-31340,11,pollen,21.875,342.1,435.6,151,16.7,44.0
M10b,saline-31340,11,pollen,21.925,340.6,435.4,153,16.4,44.2
M10b,saline-31340,11,pollen,21.975,338.9,435.9,152,16.1,43.9
M10b,saline-31340,11,pollen,22.025,337.7,436.6,148,16.0,43.5
M10b,saline-31340,11,pollen,22.075,336.7,436.7,156,15.9,43.4
M10b,saline-31340,11,pollen,22.125,335.3,437.4,160,15.7,43.0
M10b,saline-31340,11,pollen,22.175,334.3,437.2,161,15.5,43.1
M10b,saline-31340,11,pollen,22.225,333.0,437.6,159,15.3,42.9
M10b,saline-31340,11,pollen,22.275,331.7,437.9,147,15.1,42.7
M10b,saline-31340,11,pollen,22.325,330.7,438.3,156,15.0,42.5
M10b,saline-31340,11,pollen,22.375,329.4,438.4,152,14.8,42.4
M10b,saline-31340,11,pollen,22.425,329.1,438.9,156,14.8,42.1
M10b,saline-31340,11,pollen,22.475,328.8,439.0,154,14.7,42.1
M10b,saline-31340,11,pollen,22.525,328.7,439.1,147,14.7,42.0
M10b,saline-31340,11,pollen,22.575,327.2,439.4,152,14.5,41.8
M10b,saline-31340,11,pollen,22.625,326.7,439.8,133,14.5,41.6
M10b,saline-31340,11,pollen,22.675,326.7,439.9,127,14.5,41.5
M10b,saline-31340,11,pollen,22.725,325.4,440.4,131,14.3,41.3
M10b,saline-31340,11,pollen,22.775,325.2,441.1,121,14.3,40.9
M10b,saline-31340,11,pollen,22.825,325.0,441.3,121,14.3,40.7
M10b,saline-31340,11,pollen,22.875,324.9,441.7,107,14.3,40.5
M10b,saline-31340,11,pollen,22.925,324.4,441.8,104,14.3,40.4
M10b,saline-31340,11,pollen,22.975,324.2,441.7,101,14.2,40.5
M10b,saline-31340,11,pollen,23.025,322.8,441.8,88,14.0,40.4
M10b,saline-31340,11,pollen,23.075,322.6,441.8,89,13.9,40.5
M10b,saline-31340,11,pollen,23.125,320.7,442.3,82,13.7,40.2
M10b,saline-31340,11,pollen,23.175,320.3,442.3,74,13.6,40.1
M10b,saline-31340,11,pollen,23.225,319.7,442.4,66,13.5,40.1
M10b,saline-31340,11,pollen,23.275,319.7,442.3,65,13.5,40.2
M10b,saline-31340,11,pollen,23.325,317.8,442.6,66,13.2,40.0
M10b,saline-31340,11,pollen,23.375,317.7,442.6,58,13.2,40.0
M10b,saline-31340,11,pollen,23.425,316.7,442.7,46,13.1,40.0
M10b,saline-31340,11,pollen,23.475,316.6,442.6,48,13.0,40.0
M10b,saline-31340,11,pollen,23.525,315.2,442.5,54,12.8,40.1
M10b,saline-31340,11,pollen,23.575,314.6,442.6,57,12.7,40.0
M10b,saline-31340,11,pollen,23.625,313.3,442.7,40,12.5,40.0
M10b,saline-31340,11,pollen,23.675,313.1,443.2,33,12.5,39.6
M10b,saline-31340,11,pollen,23.725,313.0,443.1,34,12.5,39.7
M10b,saline-31340,11,pollen,23.775,312.9,443.6,31,12.5,39.4
M10b,saline-31340,11,pollen,23.825,312.4,443.2,27,12.4,39.6
M10b,saline-31340,11,pollen,23.875,312.3,443.4,27,12.4,39.6
M10b,saline-31340,11,pollen,23.925,311.2,443.6,20,12.2,39.4
M10b,saline-31340,11,pollen,23.975,311.3,443.2,25,12.2,39.7
M10b,saline-31340,23,red,20.725,389.2,481.0,251,27.9,18.3
M10b,saline-31340,23,red,20.775,389.2,480.7,226,27.8,18.5
M10b,saline-31340,23,red,20.825,389.6,479.8,229,27.9,19.0
M10b,saline-31340,23,red,20.875,389.5,479.5,213,27.8,19.1
M10b,saline-31340,23,red,20.925,389.7,479.0,222,27.8,19.4
M10b,saline-31340,23,red,20.975,390.1,478.3,221,27.8,19.8
M10b,saline-31340,23,red,21.025,389.9,477.8,223,27.8,20.1
M10b,saline-31340,23,red,21.075,390.5,476.9,247,27.8,20.5
M10b,saline-31340,23,red,21.125,391.3,476.8,237,27.9,20.6
M10b,saline-31340,23,red,21.175,391.5,476.2,243,27.9,20.9
M10b,saline-31340,23,red,21.225,391.6,475.6,227,27.9,21.3
M10b,saline-31340,23,red,21.275,391.9,475.1,231,27.9,21.5
M10b,saline-31340,23,red,21.325,392.1,474.5,224,27.9,21.8
M10b,saline-31340,23,red,21.375,392.0,473.6,224,27.8,22.3
M10b,saline-31340,23,red,21.425,392.0,473.7,202,27.8,22.3
M10b,saline-31340,23,red,21.475,392.3,473.1,209,27.8,22.6
M10b,saline-31340,23,red,21.525,393.5,473.1,222,28.0,22.6
M10b,saline-31340,23,red,21.575,393.8,472.4,226,28.0,23.0
M10b,saline-31340,23,red,21.625,394.2,471.5,209,28.0,23.5
M10b,saline-31340,23,red,21.675,394.0,471.1,222,28.0,23.7
M10b,saline-31340,23,red,21.725,394.0,471.0,223,28.0,23.7
M10b,saline-31340,23,red,21.775,394.5,470.9,212,28.0,23.8
M10b,saline-31340,23,red,21.825,394.1,470.2,185,27.9,24.2
M10b,saline-31340,23,red,21.875,394.5,469.9,186,27.9,24.3
M10b,saline-31340,23,red,21.925,394.8,469.1,192,27.9,24.8
M10b,saline-31340,23,red,21.975,394.7,469.2,193,27.9,24.7
M10b,saline-31340,23,red,22.025,394.8,469.2,205,27.9,24.7
M10b,saline-31340,23,red,22.075,394.6,469.0,189,27.9,24.8
M10b,saline-31340,23,red,22.125,394.6,469.0,193,27.9,24.8
M10b,saline-31340,23,red,22.175,395.0,468.9,179,28.0,24.9
M10b,saline-31340,23,red,22.225,395.3,468.6,171,28.0,25.0
M10b,saline-31340,23,red,22.275,395.2,468.4,169,28.0,25.1
M10b,saline-31340,23,red,22.325,395.2,468.1,171,27.9,25.3
M10b,saline-31340,23,red,22.375,395.8,467.9,167,28.0,25.4
M10b,saline-31340,23,red,22.425,396.2,467.8,160,28.1,25.5
M10b,saline-31340,23,red,22.475,396.1,468.0,170,28.1,25.4
M10b,saline-31340,23,red,22.525,395.9,467.9,180,28.0,25.4
M10b,saline-31340,23,red,22.575,396.0,467.7,186,28.0,25.5
M10b,saline-31340,23,red,22.625,396.2,467.4,192,28.0,25.7
M10b,saline-31340,23,red,22.675,396.6,467.1,206,28.1,25.9
M10b,saline-31340,23,red,22.725,396.6,467.0,208,28.1,25.9
M10b,saline-31340,23,red,22.775,396.5,466.9,214,28.1,26.0
M10b,saline-31340,23,red,22.825,396.2,466.9,222,28.0,26.0
M10b,saline-31340,23,red,22.875,396.0,466.8,217,28.0,26.0
M10b,saline-31340,23,red,22.925,396.0,466.8,216,28.0,26.0
M10b,saline-31340,23,red,22.975,396.3,466.8,207,28.0,26.0
M10b,saline-31340,23,red,23.025,396.2,466.9,204,28.0,25.9
M10b,saline-31340,23,red,23.075,396.2,467.0,202,28.0,25.9
M10b,saline-31340,23,red,23.125,396.1,466.9,214,28.0,25.9
M10b,saline-31340,23,red,23.175,395.8,466.9,214,27.9,26.0
M10b,saline-31340,23,red,23.225,395.8,466.9,214,27.9,26.0
M10b,saline-31340,23,red,23.275,396.2,466.9,206,28.0,26.0
M10b,saline-31340,23,red,23.325,396.2,466.9,206,28.0,26.0
M10b,saline-31340,23,red,23.375,396.2,466.9,206,28.0,26.0
M10b,saline-31340,23,red,23.425,396.3,466.9,209,28.0,26.0
M10b,saline-31340,23,red,23.475,396.2,466.9,205,28.0,25.9
M10b,saline-31340,23,red,23.525,396.1,466.9,204,28.0,25.9
M10b,saline-31340,23,red,23.575,396.1,466.9,204,28.0,25.9
M10b,saline-31340,23,red,23.625,396.1,466.9,204,28.0,25.9
M10b,saline-31340,23,red,23.675,396.1,466.9,204,28.0,25.9
M10b,saline-31340,23,red,23.725,396.1,466.9,204,28.0,25.9
M10b,saline-31340,23,red,23.775,396.1,466.9,204,28.0,25.9
M10b,saline-31340,23,red,23.825,396.1,466.9,204,28.0,25.9
M10b,saline-31340,23,red,23.875,396.1,466.9,204,28.0,25.9
M10b,saline-31340,23,red,23.925,396.1,466.9,204,28.0,25.9
M10b,saline-31340,23,red,23.975,396.1,466.9,204,28.0,25.9
M10b,saline-31340,23,red,24.025,396.1,466.9,204,28.0,25.9
M10b,saline-31340,23,red,24.075,396.1,466.9,204,28.0,25.9
M10b,saline-31340,23,red,24.125,396.1,466.9,204,28.0,25.9
M10b,saline-31340,23,red,24.175,396.1,466.9,204,28.0,25.9
M10b,saline-31340,23,red,24.225,396.1,466.9,204,28.0,25.9
M10b,saline-31340,23,red,24.275,396.1,466.9,204,28.0,25.9
M10b,saline-31340,23,red,24.325,396.1,466.9,204,28.0,25.9
M10b,saline-31340,23,red,24.375,396.1,466.9,204,28.0,25.9
M10b,saline-31340,23,red,24.425,396.1,466.9,204,28.0,25.9
M10b,saline-31340,23,red,24.475,396.1,466.9,204,28.0,25.9
M10b,saline-31340,23,red,24.525,396.1,466.9,204,28.0,25.9
M10b,saline-31340,23,red,24.575,396.1,466.9,204,28.0,25.9
M10b,saline-31340,23,red,24.625,395.9,466.9,201,28.0,25.9
M10b,saline-31340,23,red,24.675,395.8,466.8,196,27.9,26.0
M10b,saline-31340,23,red,24.725,395.8,466.8,196,27.9,26.0
M10b,saline-31340,23,red,24.775,395.8,466.8,196,27.9,26.0
M10b,saline-31340,23,red,24.825,395.8,466.8,196,27.9,26.0
M10b,saline-31340,23,red,24.875,395.8,466.8,196,27.9,26.0
M10b,saline-31340,23,red,24.925,395.8,466.9,193,27.9,26.0
M10b,saline-31340,23,red,24.975,395.8,466.8,196,27.9,26.0
M10b,saline-31340,23,red,25.025,396.1,466.8,208,28.0,26.0
M10b,saline-31340,23,red,25.075,396.1,466.8,208,28.0,26.0
M10b,saline-31340,23,red,25.125,396.1,466.8,208,28.0,26.0
M10b,saline-31340,23,red,25.175,396.1,466.8,208,28.0,26.0
M10b,saline-31340,23,red,25.225,396.1,466.8,208,28.0,26.0
M10b,saline-31340,23,red,25.275,396.1,466.8,208,28.0,26.0
M10b,saline-31340,23,red,25.325,396.1,466.8,208,28.0,26.0
M10b,saline-31340,23,red,25.375,396.1,466.8,208,28.0,26.0
M10b,saline-31340,37,pollen,22.025,816.8,283.6,41,97.9,152.8
M10b,saline-31340,37,pollen,22.075,812.6,283.4,47,97.0,153.0
M10b,saline-31340,37,pollen,22.125,810.2,282.7,62,96.6,153.6
M10b,saline-31340,37,pollen,22.175,804.8,283.6,71,95.4,152.8
M10b,saline-31340,37,pollen,22.225,802.2,284.1,56,94.9,152.4
M10b,saline-31340,37,pollen,22.275,798.5,284.2,62,94.1,152.3
M10b,saline-31340,37,pollen,22.325,795.5,284.6,50,93.5,151.9
M10b,saline-31340,37,pollen,22.375,792.9,284.6,67,93.0,152.0
M10b,saline-31340,37,pollen,22.425,789.4,284.5,61,92.3,152.1
M10b,saline-31340,37,pollen,22.475,786.3,284.7,72,91.6,151.9
M10b,saline-31340,37,pollen,22.525,783.0,285.2,61,91.0,151.4
M10b,saline-31340,37,pollen,22.575,780.5,285.1,67,90.4,151.6
M10b,saline-31340,37,pollen,22.625,777.5,285.4,60,89.8,151.3
M10b,saline-31340,37,pollen,22.675,774.3,285.3,69,89.2,151.4
M10b,saline-31340,37,pollen,22.725,771.5,285.5,62,88.6,151.2
M10b,saline-31340,37,pollen,22.775,768.5,285.5,64,88.0,151.2
M10b,saline-31340,37,pollen,22.825,764.9,285.5,67,87.2,151.3
M10b,saline-31340,37,pollen,22.875,762.6,285.4,66,86.8,151.3
M10b,saline-31340,37,pollen,22.925,759.0,285.5,68,86.0,151.2
M10b,saline-31340,37,pollen,22.975,756.5,285.0,77,85.5,151.7
M10b,saline-31340,37,pollen,23.025,754.2,285.6,67,85.0,151.2
M10b,saline-31340,37,pollen,23.075,750.8,285.6,68,84.3,151.2
M10b,saline-31340,37,pollen,23.125,748.9,285.9,60,83.9,150.9
M10b,saline-31340,37,pollen,23.175,745.9,285.8,65,83.3,151.0
M10b,saline-31340,37,pollen,23.225,742.9,285.6,67,82.7,151.2
M10b,saline-31340,37,pollen,23.275,740.5,285.6,72,82.2,151.2
M10b,saline-31340,37,pollen,23.325,737.8,286.2,63,81.7,150.7
M10b,saline-31340,37,pollen,23.375,735.6,286.7,53,81.2,150.3
M10b,saline-31340,37,pollen,23.425,732.5,286.3,59,80.6,150.6
M10b,saline-31340,37,pollen,23.475,730.7,286.4,60,80.2,150.6
M10b,saline-31340,37,pollen,23.525,727.9,286.8,56,79.6,150.2
M10b,saline-31340,37,pollen,23.575,725.8,286.4,47,79.2,150.5
M10b,saline-31340,37,pollen,23.625,724.2,285.9,34,78.9,151.0
M10b,saline-31340,37,pollen,23.675,722.6,286.1,24,78.5,150.8
M10b,saline-31340,65,blue,23.375,510.5,305.8,27,36.7,134.5
M10b,saline-31340,65,blue,23.425,504.0,303.8,74,35.3,136.2
M10b,saline-31340,65,blue,23.475,500.2,302.8,69,34.4,137.1
M10b,saline-31340,65,blue,23.525,492.4,302.1,56,32.8,137.7
M10b,saline-31340,65,blue,23.575,489.2,301.8,73,32.2,137.9
M10b,saline-31340,65,blue,23.625,483.3,301.0,74,30.9,138.6
M10b,saline-31340,65,blue,23.675,477.8,300.5,99,29.8,139.1
M10b,saline-31340,65,blue,23.725,471.1,299.3,73,28.3,140.0
M10b,saline-31340,65,blue,23.775,468.2,299.2,73,27.7,140.1
M10b,saline-31340,65,blue,23.825,461.0,299.3,82,26.3,140.1
M10b,saline-31340,65,blue,23.875,456.3,298.6,70,25.3,140.7
M10b,saline-31340,65,blue,23.925,451.2,298.0,76,24.2,141.2
M10b,saline-31340,65,blue,23.975,446.2,297.9,65,23.2,141.3
M10b,saline-31340,65,blue,24.025,440.7,297.5,66,22.1,141.7
M10b,saline-31340,65,blue,24.075,436.1,296.8,59,21.1,142.2
M10b,saline-31340,65,blue,24.125,430.3,295.6,67,19.8,143.3
M10b,saline-31340,65,blue,24.175,425.5,295.5,79,18.8,143.4
M10b,saline-31340,65,blue,24.225,420.8,295.0,63,17.8,143.8
M10b,saline-31340,65,blue,24.275,416.0,294.8,58,16.9,144.0
M10b,saline-31340,65,blue,24.325,412.3,293.7,68,16.0,145.0
M10b,saline-31340,65,blue,24.375,407.5,293.8,69,15.0,144.9
M10b,saline-31340,65,blue,24.425,402.1,292.8,57,13.8,145.7
M10b,saline-31340,65,blue,24.475,397.8,292.8,53,13.0,145.8
M10b,saline-31340,65,blue,24.525,393.0,292.3,46,12.0,146.2
M10b,saline-31340,65,blue,24.575,388.1,291.6,58,10.9,146.8
M10b,saline-31340,65,blue,24.625,382.6,291.4,64,9.8,147.0
M10b,saline-31340,65,blue,24.675,378.4,291.4,62,8.9,147.1
M10b,saline-31340,65,blue,24.725,374.3,290.7,50,8.0,147.6
M10b,saline-31340,65,blue,24.775,371.0,290.2,59,7.3,148.0
M10b,saline-31340,65,blue,24.825,364.3,289.6,51,5.8,148.6
M10b,saline-31340,65,blue,24.875,361.4,289.6,52,5.3,148.6
M10b,saline-31340,65,blue,24.925,357.5,289.6,50,4.5,148.6
M10b,saline-31340,65,blue,24.975,355.7,289.7,60,4.1,148.5
Q16,saline-14690,68,pollen,22.775,702.3,378.6,49,85.6,128.6
Q16,saline-14690,68,pollen,22.825,703.8,379.3,57,85.9,127.8
Q16,saline-14690,68,pollen,22.875,708.5,381.7,68,86.9,125.2
Q16,saline-14690,68,pollen,22.925,710.9,382.7,70,87.4,124.1
Q16,saline-14690,68,pollen,22.975,715.2,384.8,76,88.3,121.9
Q16,saline-14690,68,pollen,23.025,716.7,385.4,74,88.6,121.2
Q16,saline-14690,68,pollen,23.075,720.6,387.7,76,89.4,118.8
Q16,saline-14690,68,pollen,23.125,722.6,388.9,71,89.8,117.6
Q16,saline-14690,68,pollen,23.175,726.7,390.8,68,90.6,115.5
Q16,saline-14690,68,pollen,23.225,728.5,391.7,76,91.0,114.6
Q16,saline-14690,68,pollen,23.275,732.4,393.6,74,91.8,112.7
Q16,saline-14690,68,pollen,23.325,734.2,395.1,68,92.1,111.1
Q16,saline-14690,68,pollen,23.375,737.6,397.1,72,92.8,109.1
Q16,saline-14690,68,pollen,23.425,739.5,398.2,75,93.1,108.0
Q16,saline-14690,68,pollen,23.475,743.0,400.0,84,93.8,106.2
Q16,saline-14690,68,pollen,23.525,744.4,401.2,71,94.1,104.9
Q16,saline-14690,68,pollen,23.575,748.0,403.0,79,94.8,103.2
Q16,saline-14690,68,pollen,23.625,751.3,404.5,75,95.4,101.6
Q16,saline-14690,68,pollen,23.675,754.2,406.2,81,96.0,99.9
Q16,saline-14690,68,pollen,23.725,755.8,407.6,79,96.3,98.6
Q16,saline-14690,68,pollen,23.775,759.7,409.6,85,97.0,96.6
Q16,saline-14690,68,pollen,23.825,761.3,410.4,89,97.3,95.9
Q16,saline-14690,68,pollen,23.875,764.3,412.2,81,97.9,94.1
Q16,saline-14690,68,pollen,23.925,765.6,413.2,82,98.1,93.1
Q16,saline-14690,68,pollen,23.975,769.6,415.2,83,98.8,91.2
Q16,saline-14690,68,pollen,24.025,770.8,415.8,86,99.1,90.6
Q16,saline-14690,68,pollen,24.075,773.8,417.6,83,99.6,88.9
Q16,saline-14690,68,pollen,24.125,775.7,418.6,82,100.0,87.9
Q16,saline-14690,68,pollen,24.175,779.4,420.4,83,100.7,86.2
Q16,saline-14690,68,pollen,24.225,781.4,421.3,85,101.0,85.3
Q16,saline-14690,68,pollen,24.275,784.3,423.2,91,101.5,83.6
Q16,saline-14690,68,pollen,24.325,786.1,423.8,86,101.9,83.0
Q16,saline-14690,68,pollen,24.375,789.6,425.9,89,102.5,81.1
Q16,saline-14690,68,pollen,24.425,791.5,426.8,89,102.8,80.2
Q16,saline-14690,68,pollen,24.475,794.5,428.3,95,103.4,78.9
Q16,saline-14690,68,pollen,24.525,796.2,429.4,91,103.7,77.8
Q16,saline-14690,68,pollen,24.575,797.8,430.3,93,103.9,76.9
Q16,saline-14690,68,pollen,24.625,799.9,431.4,83,104.3,76.0
Q16,saline-14690,68,pollen,24.675,803.6,433.5,85,105.0,74.1
Q16,saline-14690,68,pollen,24.725,805.4,434.1,87,105.3,73.5
Q16,saline-14690,68,pollen,24.775,809.6,435.8,89,106.0,71.9
Q16,saline-14690,68,pollen,24.825,812.7,437.7,101,106.6,70.3
Q16,saline-14690,68,pollen,24.875,815.8,439.4,98,107.1,68.7
Q16,saline-14690,68,pollen,24.925,817.7,440.3,94,107.4,67.9
Q16,saline-14690,68,pollen,24.975,821.5,442.1,96,108.1,66.3
Q16,saline-14690,68,pollen,25.025,823.1,443.1,100,108.4,65.5
Q16,saline-14690,68,pollen,25.075,826.1,444.8,99,108.9,63.9
Q16,saline-14690,68,pollen,25.125,829.1,445.4,103,109.4,63.4
Q16,saline-14690,68,pollen,25.175,831.6,447.2,82,109.8,61.9
Q16,saline-14690,68,pollen,25.225,833.1,447.7,83,110.1,61.4
Q16,saline-14690,68,pollen,25.275,835.7,449.6,62,110.5,59.7
Q16,saline-14690,68,pollen,25.325,835.9,450.2,60,110.5,59.2
Q16,saline-14690,68,pollen,25.375,835.8,450.6,55,110.5,58.9
Q16,saline-14690,68,pollen,25.425,835.2,450.6,70,110.4,58.9
Q16,saline-14690,68,pollen,25.475,834.0,450.7,88,110.1,58.8
Q16,saline-14690,68,pollen,25.525,833.7,450.9,84,110.1,58.6
Q16,saline-14690,68,pollen,25.575,833.3,450.9,91,110.0,58.7
Q20,saline-16210,43,pollen,17.625,814.4,346.6,25,102.7,155.7
Q20,saline-16210,43,pollen,17.675,811.6,347.1,34,102.1,155.1
Q20,saline-16210,43,pollen,17.725,809.7,347.2,33,101.7,155.0
Q20,saline-16210,43,pollen,17.775,805.9,347.1,32,100.9,155.3
Q20,saline-16210,43,pollen,17.825,804.0,347.1,31,100.5,155.3
Q20,saline-16210,43,pollen,17.875,801.1,347.1,31,99.8,155.2
Q20,saline-16210,43,pollen,17.925,799.5,346.9,28,99.5,155.5
Q20,saline-16210,43,pollen,17.975,796.4,347.0,30,98.8,155.5
Q20,saline-16210,43,pollen,18.025,794.6,346.7,33,98.5,155.7
Q20,saline-16210,43,pollen,18.075,791.5,346.6,31,97.8,155.9
Q20,saline-16210,43,pollen,18.125,789.8,346.6,40,97.4,156.0
Q20,saline-16210,43,pollen,18.175,786.4,346.6,34,96.7,155.9
Q20,saline-16210,43,pollen,18.225,784.3,346.1,30,96.3,156.6
Q20,saline-16210,43,pollen,18.275,781.3,346.1,36,95.6,156.6
Q20,saline-16210,43,pollen,18.325,779.4,345.8,35,95.3,156.9
Q20,saline-16210,43,pollen,18.375,776.5,345.7,26,94.6,157.1
Q20,saline-16210,43,pollen,18.425,774.5,345.7,26,94.2,157.1
Q20,saline-16210,43,pollen,18.475,771.4,345.8,35,93.5,157.0
Q20,saline-16210,43,pollen,18.525,770.3,346.0,29,93.3,156.8
Q20,saline-16210,43,pollen,18.575,767.5,345.8,36,92.7,157.1
Q20,saline-16210,43,pollen,18.625,766.5,345.7,26,92.5,157.2
Q20,saline-16210,43,pollen,18.675,763.6,345.9,38,91.8,156.9
Q20,saline-16210,43,pollen,18.725,761.7,345.9,37,91.4,157.0
Q20,saline-16210,43,pollen,18.775,759.6,345.9,38,91.0,157.0
Q20,saline-16210,43,pollen,18.825,758.1,346.2,36,90.6,156.7
Q20,saline-16210,43,pollen,18.875,755.7,346.1,39,90.1,156.8
Q20,saline-16210,43,pollen,18.925,754.1,346.1,36,89.8,156.8
Q20,saline-16210,43,pollen,18.975,751.9,346.4,41,89.3,156.6
Q20,saline-16210,43,pollen,19.025,750.0,346.4,41,88.9,156.5
Q20,saline-16210,43,pollen,19.075,748.0,346.4,46,88.5,156.5
Q20,saline-16210,43,pollen,19.125,746.1,346.4,40,88.1,156.5
Q20,saline-16210,43,pollen,19.175,743.6,346.6,43,87.5,156.4
Q20,saline-16210,43,pollen,19.225,742.5,346.5,44,87.3,156.5
Q20,saline-16210,43,pollen,19.275,740.4,346.6,42,86.8,156.5
Q20,saline-16210,43,pollen,19.325,738.9,346.5,40,86.5,156.6
Q20,saline-16210,43,pollen,19.375,737.2,346.7,40,86.1,156.3
Q20,saline-16210,43,pollen,19.425,736.0,346.8,43,85.9,156.3
Q20,saline-16210,43,pollen,19.475,733.5,346.7,43,85.3,156.4
Q20,saline-16210,43,pollen,19.525,731.7,346.6,45,84.9,156.6
Q20,saline-16210,43,pollen,19.575,729.4,346.7,43,84.4,156.5
Q20,saline-16210,43,pollen,19.625,727.8,346.6,46,84.1,156.6
Q20,saline-16210,43,pollen,19.675,725.4,346.9,45,83.6,156.3
Q20,saline-16210,43,pollen,19.725,724.2,346.7,52,83.3,156.5
Q20,saline-16210,43,pollen,19.775,721.6,346.9,49,82.8,156.3
Q20,saline-16210,43,pollen,19.825,720.8,346.7,47,82.6,156.5
Q20,saline-16210,43,pollen,19.875,717.7,347.1,43,81.9,156.1
Q20,saline-16210,43,pollen,19.925,716.6,347.0,35,81.7,156.2
Q20,saline-16210,43,pollen,19.975,714.1,347.0,45,81.1,156.3
Q20,saline-16210,43,pollen,20.025,712.6,346.9,44,80.8,156.3
Q20,saline-16210,43,pollen,20.075,710.3,347.0,46,80.3,156.3
Q20,saline-16210,43,pollen,20.125,709.3,346.9,47,80.1,156.4
Q20,saline-16210,43,pollen,20.175,707.3,346.9,48,79.7,156.4
Q20,saline-16210,43,pollen,20.225,705.9,347.0,39,79.4,156.3
Q20,saline-16210,43,pollen,20.275,703.6,346.8,39,78.9,156.5
Q20,saline-16210,43,pollen,20.325,702.5,346.6,37,78.6,156.8
Q20,saline-16210,43,pollen,20.375,700.0,346.7,36,78.1,156.8
Q20,saline-16210,43,pollen,20.425,699.0,346.6,42,77.9,156.8
Q20,saline-16210,43,pollen,20.475,696.4,346.6,35,77.3,156.9
Q20,saline-16210,43,pollen,20.525,695.1,346.6,41,77.0,156.9
Q20,saline-16210,43,pollen,20.575,693.0,346.7,39,76.6,156.8
Q20,saline-16210,43,pollen,20.625,692.2,346.6,38,76.4,156.9
Q20,saline-16210,43,pollen,20.675,690.0,346.8,29,75.9,156.7
Q20,saline-16210,43,pollen,20.725,689.4,346.7,22,75.8,156.8
Q20,saline-16210,50,pollen,17.775,686.8,335.4,50,75.3,169.9
Q20,saline-16210,50,pollen,17.825,688.1,333.0,42,75.6,172.8
Q20,saline-16210,50,pollen,17.875,691.6,333.9,38,76.4,171.6
Q20,saline-16210,50,pollen,17.925,692.0,336.4,47,76.5,168.7
Q20,saline-16210,50,pollen,17.975,695.9,345.9,53,77.2,157.7
Q20,saline-16210,50,pollen,18.025,697.0,352.4,43,77.4,150.4
Q20,saline-16210,50,pollen,18.075,701.3,358.9,54,78.2,143.4
Q20,saline-16210,50,pollen,18.125,703.3,356.5,49,78.7,146.0
Q20,saline-16210,50,pollen,18.175,707.8,356.0,49,79.6,146.4
Q20,saline-16210,50,pollen,18.225,709.4,358.0,50,79.9,144.2
Q20,saline-16210,50,pollen,18.275,713.7,363.5,52,80.7,138.4
Q20,saline-16210,50,pollen,18.325,715.6,363.4,52,81.1,138.6
Q20,saline-16210,50,pollen,18.375,720.2,364.5,50,82.0,137.4
Q20,saline-16210,50,pollen,18.425,722.4,364.7,55,82.5,137.2
Q20,saline-16210,50,pollen,18.475,726.4,364.9,56,83.3,136.9
Q20,saline-16210,50,pollen,18.525,728.8,365.7,53,83.8,136.1
Q20,saline-16210,50,pollen,18.575,732.8,366.0,53,84.6,135.7
Q20,saline-16210,50,pollen,18.625,734.7,366.1,50,85.0,135.5
Q20,saline-16210,50,pollen,18.675,739.1,366.7,48,85.9,135.0
Q20,saline-16210,50,pollen,18.725,741.1,367.1,49,86.3,134.5
Q20,saline-16210,50,pollen,18.775,744.4,366.9,58,87.0,134.6
Q20,saline-16210,50,pollen,18.825,746.4,367.4,53,87.4,134.2
Q20,saline-16210,50,pollen,18.875,750.4,368.4,47,88.1,133.1
Q20,saline-16210,50,pollen,18.925,752.2,368.5,50,88.5,133.0
Q20,saline-16210,50,pollen,18.975,755.4,368.8,47,89.1,132.6
Q20,saline-16210,50,pollen,19.025,757.4,369.0,48,89.5,132.4
Q20,saline-16210,50,pollen,19.075,761.1,369.4,50,90.3,132.0
Q20,saline-16210,50,pollen,19.125,762.4,370.0,52,90.5,131.4
Q20,saline-16210,50,pollen,19.175,766.2,370.5,52,91.3,130.8
Q20,saline-16210,50,pollen,19.225,767.9,370.6,49,91.6,130.7
Q20,saline-16210,50,pollen,19.275,770.9,370.9,50,92.2,130.4
Q20,saline-16210,50,pollen,19.325,772.5,371.2,57,92.5,130.1
Q20,saline-16210,50,pollen,19.375,776.3,371.3,54,93.3,129.9
Q20,saline-16210,50,pollen,19.425,777.4,372.0,47,93.5,129.2
Q20,saline-16210,50,pollen,19.475,781.0,372.4,52,94.2,128.8
Q20,saline-16210,50,pollen,19.525,782.9,372.6,51,94.6,128.6
Q20,saline-16210,50,pollen,19.575,786.2,372.8,56,95.2,128.4
Q20,saline-16210,50,pollen,19.625,787.4,373.0,47,95.5,128.1
Q20,saline-16210,50,pollen,19.675,790.3,373.7,52,96.0,127.5
Q20,saline-16210,50,pollen,19.725,791.5,374.1,46,96.2,127.0
Q20,saline-16210,50,pollen,19.775,794.7,374.2,52,96.9,126.9
Q20,saline-16210,50,pollen,19.825,796.2,374.4,45,97.2,126.6
Q20,saline-16210,50,pollen,19.875,799.4,375.0,47,97.8,126.0
Q20,saline-16210,50,pollen,19.925,800.0,375.2,46,97.9,125.8
Q20,saline-16210,50,pollen,19.975,803.4,375.9,51,98.5,125.1
Q20,saline-16210,50,pollen,20.025,804.6,375.7,56,98.8,125.3
Q20,saline-16210,50,pollen,20.075,807.0,376.3,55,99.2,124.7
Q20,saline-16210,50,pollen,20.125,808.8,376.3,55,99.6,124.7
Q20,saline-16210,50,pollen,20.175,811.1,376.6,54,100.0,124.4
Q20,saline-16210,50,pollen,20.225,812.5,377.0,57,100.3,124.0
Q20,saline-16210,50,pollen,20.275,815.4,377.3,48,100.9,123.6
Q20,saline-16210,50,pollen,20.325,816.6,377.5,56,101.1,123.4
Q20,saline-16210,50,pollen,20.375,819.5,377.7,55,101.7,123.3
Q20,saline-16210,50,pollen,20.425,820.9,378.4,55,101.9,122.6
Q20,saline-16210,50,pollen,20.475,823.0,378.4,53,102.3,122.5
Q20,saline-16210,50,pollen,20.525,824.2,378.6,54,102.5,122.3
Q20,saline-16210,50,pollen,20.575,826.6,379.0,61,103.0,121.9
Q20,saline-16210,50,pollen,20.625,827.8,379.0,58,103.2,121.9
Q20,saline-16210,50,pollen,20.675,830.2,379.4,65,103.7,121.5
Q20,saline-16210,50,pollen,20.725,831.2,379.7,65,103.9,121.2
Q20,saline-16210,50,pollen,20.775,833.5,379.9,55,104.3,121.0
Q20,saline-16210,50,pollen,20.825,834.4,379.8,58,104.5,121.1
Q20,saline-16210,50,pollen,20.875,836.4,379.8,59,104.9,121.1
Q20,saline-16210,50,pollen,20.925,837.5,380.1,54,105.1,120.8
Q20,saline-16210,50,pollen,20.975,839.1,380.2,56,105.4,120.6
Q20,saline-16210,50,pollen,21.025,840.7,380.6,57,105.7,120.3
Q20,saline-16210,50,pollen,21.075,842.7,380.8,57,106.1,120.1
Q20,saline-16210,50,pollen,21.125,843.6,380.8,51,106.2,120.0
Q20,saline-16210,50,pollen,21.175,846.4,380.8,56,106.8,120.1
Q20,saline-16210,67,pollen,19.575,494.3,385.4,42,36.5,118.6
Q20,saline-16210,67,pollen,19.625,491.1,386.4,55,35.9,117.6
Q20,saline-16210,67,pollen,19.675,483.9,387.4,69,34.6,116.7
Q20,saline-16210,67,pollen,19.725,480.0,387.8,64,33.8,116.4
Q20,saline-16210,67,pollen,19.775,474.0,388.6,63,32.7,115.6
Q20,saline-16210,67,pollen,19.825,469.9,389.3,69,31.9,115.0
Q20,saline-16210,67,pollen,19.875,462.5,390.5,71,30.5,113.9
Q20,saline-16210,67,pollen,19.925,458.5,391.2,65,29.8,113.4
Q20,saline-16210,67,pollen,19.975,452.4,392.6,69,28.7,112.1
Q20,saline-16210,67,pollen,20.025,448.5,393.2,65,28.0,111.6
Q20,saline-16210,67,pollen,20.075,442.1,394.2,59,26.8,110.7
Q20,saline-16210,67,pollen,20.125,438.3,394.6,66,26.1,110.4
Q20,saline-16210,67,pollen,20.175,432.0,395.5,66,24.9,109.5
Q20,saline-16210,67,pollen,20.225,428.3,395.9,68,24.3,109.2
Q20,saline-16210,67,pollen,20.275,422.0,396.8,63,23.1,108.4
Q20,saline-16210,67,pollen,20.325,418.6,397.6,66,22.5,107.8
Q20,saline-16210,67,pollen,20.375,412.2,398.6,69,21.4,106.9
Q20,saline-16210,67,pollen,20.425,408.4,399.0,59,20.7,106.5
Q20,saline-16210,67,pollen,20.475,402.3,399.8,65,19.6,105.9
Q20,saline-16210,67,pollen,20.525,399.3,400.1,73,19.0,105.6
Q20,saline-16210,67,pollen,20.575,393.7,401.0,76,18.0,104.9
Q20,saline-16210,67,pollen,20.625,390.1,401.5,68,17.3,104.5
Q20,saline-16210,67,pollen,20.675,384.3,402.5,69,16.3,103.6
Q20,saline-16210,67,pollen,20.725,380.4,403.3,67,15.7,102.9
Q20,saline-16210,67,pollen,20.775,374.9,403.7,80,14.6,102.6
Q20,saline-16210,67,pollen,20.825,372.5,403.9,71,14.2,102.4
Q20,saline-16210,67,pollen,20.875,366.2,405.2,68,13.1,101.3
Q20,saline-16210,67,pollen,20.925,363.3,405.5,81,12.6,101.0
Q20,saline-16210,67,pollen,20.975,357.2,406.3,73,11.5,100.4
Q20,saline-16210,67,pollen,21.025,354.3,407.0,65,11.0,99.8
Q20,saline-16210,67,pollen,21.075,348.4,407.5,71,10.0,99.4
Q20,saline-16210,67,pollen,21.125,345.3,407.9,73,9.4,99.1
Q20,saline-16210,67,pollen,21.175,340.2,408.9,67,8.5,98.2
Q20,saline-16210,69,blue,19.675,493.7,372.8,65,35.4,130.9
Q20,saline-16210,69,blue,19.725,491.1,372.9,60,34.9,130.9
Q20,saline-16210,69,blue,19.775,485.8,372.9,57,33.8,130.9
Q20,saline-16210,69,blue,19.825,483.7,372.9,54,33.3,130.9
Q20,saline-16210,69,blue,19.875,478.7,372.7,63,32.3,131.1
Q20,saline-16210,69,blue,19.925,476.9,372.6,78,31.9,131.2
Q20,saline-16210,69,blue,19.975,472.3,372.9,71,31.0,131.0
Q20,saline-16210,69,blue,20.025,470.6,372.9,70,30.6,131.1
Q20,saline-16210,69,blue,20.075,466.5,373.2,71,29.8,130.7
Q20,saline-16210,69,blue,20.125,464.4,373.5,73,29.4,130.5
Q20,saline-16210,69,blue,20.175,460.4,373.6,78,28.6,130.4
Q20,saline-16210,69,blue,20.225,458.0,374.2,74,28.1,129.8
Q20,saline-16210,69,blue,20.275,453.4,374.4,64,27.2,129.6
Q20,saline-16210,69,blue,20.325,451.4,374.5,61,26.8,129.6
Q20,saline-16210,69,blue,20.375,447.2,375.1,57,26.0,129.0
Q20,saline-16210,69,blue,20.425,445.0,375.5,57,25.6,128.7
Q20,saline-16210,69,blue,20.475,442.1,374.8,53,24.9,129.3
Q20,saline-16210,69,blue,20.525,439.2,375.3,57,24.4,128.9
Q20,saline-16210,69,blue,20.575,435.5,375.4,67,23.6,128.8
Q20,saline-16210,69,blue,20.625,434.3,375.9,70,23.4,128.3
Q20,saline-16210,69,blue,20.675,430.0,376.5,62,22.6,127.8
Q20,saline-16210,69,blue,20.725,429.0,376.5,62,22.4,127.8
Q20,saline-16210,69,blue,20.775,426.2,376.9,77,21.9,127.4
Q20,saline-16210,69,blue,20.825,424.9,377.0,82,21.6,127.3
Q20,saline-16210,69,blue,20.875,422.5,377.0,85,21.1,127.4
Q20,saline-16210,69,blue,20.925,421.0,377.1,88,20.8,127.2
Q20,saline-16210,69,blue,20.975,418.6,377.6,85,20.4,126.8
Q20,saline-16210,69,blue,21.025,416.8,377.9,86,20.0,126.5
Q20,saline-16210,69,blue,21.075,413.7,378.7,83,19.5,125.7
Q20,saline-16210,69,blue,21.125,412.1,379.6,80,19.3,124.8
Q20,saline-16210,69,blue,21.175,409.6,380.0,81,18.8,124.5
Q25,saline-17740,48,pollen,27.725,796.2,346.0,98,89.8,118.8
Q25,saline-17740,48,pollen,27.775,804.2,346.5,92,91.2,118.3
Q25,saline-17740,48,pollen,27.825,812.6,347.0,109,92.7,117.9
Q25,saline-17740,48,pollen,27.875,820.5,347.7,116,94.1,117.3
Q25,saline-17740,48,pollen,27.925,830.1,348.2,116,95.7,116.8
Q25,saline-17740,48,pollen,27.975,839.2,348.7,111,97.3,116.4
Q25,saline-17740,48,pollen,28.025,847.8,349.0,107,98.8,116.1
Q25,saline-17740,48,pollen,28.075,857.0,349.1,114,100.5,116.0
Q25,saline-17740,48,pollen,28.125,865.2,349.4,123,101.9,115.7
Q25,saline-17740,48,pollen,28.175,873.6,350.0,110,103.4,115.1
Q25,saline-17740,48,pollen,28.225,882.1,350.5,131,104.8,114.7
Q25,saline-17740,48,pollen,28.275,890.2,350.8,113,106.3,114.4
Q25,saline-17740,48,pollen,28.325,899.2,351.1,103,107.8,114.2
Q25,saline-17740,48,pollen,28.375,907.5,351.5,90,109.3,113.8
Q25,saline-17740,48,pollen,28.425,915.7,351.9,97,110.7,113.4
Q25,saline-17740,48,pollen,28.475,923.7,352.0,96,112.1,113.3
Q25,saline-17740,48,pollen,28.525,931.9,352.4,88,113.6,113.0
Q25,saline-17740,48,pollen,28.575,940.0,352.7,89,115.0,112.7
Q25,saline-17740,48,pollen,28.625,947.7,353.5,85,116.2,112.0
Q25,saline-17740,48,pollen,28.675,955.5,353.6,88,117.6,111.9
Q25,saline-17740,48,pollen,28.725,963.4,353.8,94,119.0,111.7
Q25,saline-17740,48,pollen,28.775,970.3,354.1,87,120.2,111.4
Q25,saline-17740,48,pollen,28.825,983.1,351.7,166,122.7,113.4
Q25,saline-17740,50,blue,27.775,722.8,284.1,43,78.5,178.3
Q25,saline-17740,50,blue,27.825,720.9,296.8,57,77.7,165.0
Q25,saline-17740,50,blue,27.875,721.0,313.9,68,77.2,148.2
Q25,saline-17740,50,blue,27.975,723.5,309.2,68,77.8,152.7
Q25,saline-17740,50,blue,28.025,724.5,306.6,61,78.1,155.3
Q25,saline-17740,50,blue,28.075,727.2,306.9,61,78.6,154.9
Q25,saline-17740,50,blue,28.125,728.0,313.0,66,78.6,149.0
Q25,saline-17740,50,blue,28.175,730.3,323.0,61,78.7,139.6
Q25,saline-17740,50,blue,28.225,730.8,322.7,71,78.8,139.8
Q25,saline-17740,50,blue,28.275,731.8,323.2,66,79.0,139.3
Q25,saline-17740,50,blue,28.325,733.7,326.6,75,79.2,136.2
Q25,saline-17740,50,blue,28.375,734.4,327.2,64,79.3,135.6
Q25,saline-17740,50,blue,28.425,735.9,328.5,75,79.6,134.4
Q25,saline-17740,50,blue,28.475,736.6,328.9,83,79.7,134.1
Q25,saline-17740,50,blue,28.525,738.5,330.6,86,80.0,132.6
Q25,saline-17740,50,blue,28.575,739.8,330.8,78,80.2,132.3
Q25,saline-17740,50,blue,28.625,741.8,332.3,77,80.5,131.0
Q25,saline-17740,50,blue,28.675,743.4,333.2,91,80.8,130.2
Q25,saline-17740,50,blue,28.725,744.8,334.7,86,81.0,128.8
Q25,saline-17740,50,blue,28.775,746.3,335.5,81,81.2,128.1
Q25,saline-17740,50,blue,28.825,747.0,335.9,79,81.3,127.8
Q25,saline-17740,50,blue,28.875,748.6,337.4,78,81.6,126.4
Q25,saline-17740,50,blue,28.925,749.5,337.8,72,81.7,126.0
Q25,saline-17740,50,blue,28.975,750.5,339.0,68,81.9,125.0
Q25,saline-17740,50,blue,29.025,751.7,339.3,72,82.1,124.7
Q25,saline-17740,50,blue,29.075,752.8,340.3,62,82.2,123.9
Q25,saline-17740,50,blue,29.125,754.1,341.4,69,82.4,122.8
Q25,saline-17740,50,blue,29.175,754.8,342.8,72,82.5,121.7
Q25,saline-17740,50,blue,29.225,756.0,342.9,60,82.7,121.5
Q25,saline-17740,50,blue,29.275,757.3,343.5,60,82.9,121.0
Q25,saline-17740,50,blue,29.325,758.6,344.3,56,83.1,120.3
Q25,saline-17740,50,blue,29.375,759.5,344.6,60,83.3,120.1
Q25,saline-17740,50,blue,29.425,760.2,346.4,61,83.3,118.5
Q25,saline-17740,50,blue,29.475,761.5,346.6,60,83.6,118.3
Q25,saline-17740,50,blue,29.525,762.3,347.7,70,83.7,117.4
Q25,saline-17740,50,blue,29.575,763.3,348.7,66,83.8,116.5
Q25,saline-17740,50,blue,29.625,764.4,349.5,65,84.0,115.8
Q25,saline-17740,50,blue,29.675,765.4,349.8,68,84.1,115.6
Q25,saline-17740,50,blue,29.725,766.4,350.2,70,84.3,115.3
Q25,saline-17740,50,blue,29.775,766.8,351.2,66,84.3,114.4
Q25,saline-17740,50,blue,29.825,768.3,351.9,75,84.6,113.9
Q25,saline-17740,50,blue,29.875,768.0,352.1,80,84.5,113.7
Q25,saline-17740,50,blue,29.925,767.7,352.1,90,84.5,113.7
Q25,saline-17740,50,blue,29.975,767.3,352.1,95,84.4,113.6
Q25,saline-17740,50,blue,30.025,767.2,352.2,93,84.4,113.5
Q25,saline-17740,50,blue,30.075,766.5,352.4,86,84.2,113.4
Q25,saline-17740,50,blue,30.125,766.0,352.6,87,84.1,113.3
Q25,saline-17740,50,blue,30.175,765.5,352.5,95,84.1,113.3
Q25,saline-17740,50,blue,30.225,765.5,352.3,91,84.1,113.5
Q25,saline-17740,50,blue,30.275,765.3,351.7,87,84.0,114.0
Q25,saline-17740,50,blue,30.325,765.3,351.7,86,84.0,114.0
Q25,saline-17740,50,blue,30.375,764.9,351.9,84,84.0,113.8
Q25,saline-17740,50,blue,30.425,763.8,351.8,92,83.8,113.9
Q25,saline-17740,50,blue,30.475,763.9,351.2,97,83.8,114.4
Q25,saline-17740,50,blue,30.525,763.4,351.2,93,83.7,114.4
Q25,saline-17740,50,blue,30.575,763.4,350.9,94,83.7,114.7
Q25,saline-17740,50,blue,30.625,763.3,350.4,89,83.7,115.1
Q25,saline-17740,50,blue,30.675,762.1,350.7,91,83.5,114.9
Q25,saline-17740,50,blue,30.725,761.8,350.7,95,83.5,114.9
Q25,saline-17740,50,blue,30.775,761.7,349.9,110,83.5,115.5
Q25,saline-17740,50,blue,30.825,761.2,349.6,109,83.4,115.8
Q25,saline-17740,50,blue,30.875,760.7,348.8,106,83.3,116.5
Q25,saline-17740,50,blue,30.925,760.6,348.6,104,83.3,116.7
Q25,saline-17740,50,blue,30.975,760.4,348.6,98,83.3,116.7
Q25,saline-17740,50,blue,31.025,760.3,347.9,89,83.3,117.2
Q25,saline-17740,50,blue,31.075,759.6,347.4,80,83.2,117.7
Q25,saline-17740,50,blue,31.125,759.0,347.6,78,83.1,117.5
Q25,saline-17740,50,blue,31.175,758.6,347.4,81,83.0,117.6
Q25,saline-17740,50,blue,31.225,758.6,347.4,81,83.0,117.6
Q25,saline-17740,55,pollen,28.225,783.2,315.5,24,88.9,146.5
Q25,saline-17740,55,pollen,28.275,785.1,315.4,55,89.2,146.5
Q25,saline-17740,55,pollen,28.325,788.7,312.9,84,90.1,149.0
Q25,saline-17740,55,pollen,28.375,792.4,312.9,85,90.8,148.9
Q25,saline-17740,55,pollen,28.425,795.9,311.5,86,91.5,150.3
Q25,saline-17740,55,pollen,28.475,799.8,311.3,89,92.3,150.4
Q25,saline-17740,55,pollen,28.525,804.3,309.8,81,93.2,151.9
Q25,saline-17740,55,pollen,28.575,807.8,309.3,90,93.9,152.3
Q25,saline-17740,55,pollen,28.625,811.5,308.8,75,94.6,152.9
Q25,saline-17740,55,pollen,28.675,815.2,307.9,72,95.4,153.8
Q25,saline-17740,55,pollen,28.725,819.1,306.5,87,96.2,155.1
Q25,saline-17740,55,pollen,28.775,822.3,305.7,76,96.9,155.9
Q25,saline-17740,55,pollen,28.825,826.4,304.3,75,97.8,157.2
Q25,saline-17740,55,pollen,28.875,829.0,303.7,77,98.3,157.8
Q25,saline-17740,55,pollen,28.925,832.8,302.7,84,99.1,158.8
Q25,saline-17740,55,pollen,28.975,836.1,302.1,78,99.8,159.5
Q25,saline-17740,55,pollen,29.025,838.8,301.4,71,100.3,160.1
Q25,saline-17740,55,pollen,29.075,842.3,300.5,70,101.1,161.0
Q25,saline-17740,55,pollen,29.125,844.9,300.4,68,101.6,161.1
Q25,saline-17740,55,pollen,29.175,848.4,300.2,74,102.3,161.3
Q25,saline-17740,55,pollen,29.225,851.8,300.2,77,102.9,161.3
Q25,saline-17740,55,pollen,29.275,855.0,300.6,66,103.5,160.9
Q25,saline-17740,55,pollen,29.325,858.2,300.1,68,104.2,161.3
Q25,saline-17740,55,pollen,29.375,860.6,300.2,64,104.7,161.3
Q25,saline-17740,55,pollen,29.425,863.5,300.4,58,105.2,161.1
Q25,saline-17740,55,pollen,29.475,866.4,300.3,63,105.8,161.2
Q25,saline-17740,55,pollen,29.525,868.7,300.2,55,106.2,161.3
Q25,saline-17740,55,pollen,29.575,871.0,300.0,60,106.7,161.4
Q25,saline-17740,55,pollen,29.625,874.2,300.2,58,107.3,161.3
Q25,saline-17740,55,pollen,29.675,876.2,300.2,59,107.7,161.3
Q25,saline-17740,55,pollen,29.725,878.5,300.1,62,108.1,161.3
Q25,saline-17740,55,pollen,29.775,880.5,300.2,60,108.5,161.2
Q25,saline-17740,55,pollen,29.825,882.8,300.1,59,109.0,161.4
Q25,saline-17740,55,pollen,29.875,885.1,299.7,70,109.4,161.8
Q25,saline-17740,55,pollen,29.925,888.2,299.7,66,110.0,161.7
Q25,saline-17740,55,pollen,29.975,889.8,299.8,60,110.4,161.6
Q25,saline-17740,55,pollen,30.025,892.1,299.7,64,110.8,161.7
Q25,saline-17740,55,pollen,30.075,893.7,299.6,71,111.1,161.8
Q25,saline-17740,55,pollen,30.125,895.1,299.6,66,111.4,161.8
Q25,saline-17740,55,pollen,30.175,896.6,299.5,61,111.7,161.9
Q25,saline-17740,61,pollen,28.725,556.8,327.9,35,46.7,135.4
Q25,saline-17740,61,pollen,28.775,554.8,326.7,86,46.3,136.5
Q25,saline-17740,61,pollen,28.825,551.3,327.0,98,45.6,136.3
Q25,saline-17740,61,pollen,28.875,548.5,326.5,109,45.1,136.7
Q25,saline-17740,61,pollen,28.925,543.8,326.2,109,44.2,137.0
Q25,saline-17740,61,pollen,28.975,540.9,325.6,108,43.7,137.6
Q25,saline-17740,61,pollen,29.025,537.0,325.8,97,43.0,137.4
Q25,saline-17740,61,pollen,29.075,533.2,325.1,104,42.2,138.1
Q25,saline-17740,61,pollen,29.125,530.3,325.0,96,41.7,138.2
Q25,saline-17740,61,pollen,29.175,527.2,324.3,99,41.1,138.8
Q25,saline-17740,61,pollen,29.225,524.4,324.1,101,40.6,139.0
Q25,saline-17740,61,pollen,29.275,521.1,323.9,98,40.0,139.2
Q25,saline-17740,61,pollen,29.325,518.3,323.8,95,39.5,139.3
Q25,saline-17740,61,pollen,29.375,515.0,323.5,85,38.8,139.6
Q25,saline-17740,61,pollen,29.425,511.5,323.3,80,38.2,139.8
Q25,saline-17740,61,pollen,29.475,508.7,322.7,77,37.6,140.4
Q25,saline-17740,61,pollen,29.525,505.7,322.2,87,37.1,140.8
Q25,saline-17740,61,pollen,29.575,502.9,321.8,85,36.5,141.2
Q25,saline-17740,61,pollen,29.625,500.1,322.0,77,36.0,141.0
Q25,saline-17740,61,pollen,29.675,497.4,321.5,76,35.5,141.5
Q25,saline-17740,61,pollen,29.725,494.6,321.4,75,35.0,141.6
Q25,saline-17740,61,pollen,29.775,491.7,321.4,79,34.4,141.6
Q25,saline-17740,61,pollen,29.825,489.0,320.6,77,33.9,142.3
Q25,saline-17740,61,pollen,29.875,486.4,320.4,78,33.4,142.6
Q25,saline-17740,61,pollen,29.925,484.3,320.0,77,33.0,143.0
Q25,saline-17740,61,pollen,29.975,481.5,319.5,84,32.5,143.4
Q25,saline-17740,61,pollen,30.025,478.4,319.5,75,31.9,143.4
Q25,saline-17740,61,pollen,30.075,476.4,319.2,72,31.5,143.7
Q25,saline-17740,61,pollen,30.125,473.3,318.5,85,30.9,144.4
Q25,saline-17740,61,pollen,30.175,471.2,318.4,88,30.5,144.5
Q25,saline-17740,61,pollen,30.225,468.4,317.8,74,29.9,145.0
Q25,saline-17740,61,pollen,30.275,466.4,317.9,77,29.6,144.9
Q25,saline-17740,61,pollen,30.325,463.6,317.1,73,29.0,145.8
Q25,saline-17740,61,pollen,30.375,461.7,316.7,70,28.6,146.1
Q25,saline-17740,61,pollen,30.425,459.8,316.6,74,28.3,146.1
Q25,saline-17740,61,pollen,30.475,459.9,316.6,76,28.3,146.2
Q25,saline-17740,61,pollen,30.525,460.0,316.6,76,28.3,146.2
Q25,saline-17740,61,pollen,30.575,460.2,316.3,80,28.3,146.5
Q25,saline-17740,61,pollen,30.625,462.0,316.4,77,28.7,146.4
Q25,saline-17740,61,pollen,30.675,461.8,316.5,78,28.6,146.3
Q25,saline-17740,61,pollen,30.725,462.1,316.2,79,28.7,146.6
Q25,saline-17740,61,pollen,30.775,463.8,315.8,92,29.0,147.0
Q25,saline-17740,61,pollen,30.825,464.9,315.8,93,29.2,146.9
Q25,saline-17740,61,pollen,30.875,465.3,316.2,102,29.3,146.6
Q25,saline-17740,61,pollen,30.925,465.4,316.0,105,29.3,146.8
Q25,saline-17740,61,pollen,30.975,465.9,316.0,95,29.4,146.7
Q25,saline-17740,61,pollen,31.025,466.4,316.0,100,29.5,146.7
Q25,saline-17740,61,pollen,31.075,467.2,316.1,97,29.6,146.6
Q25,saline-17740,61,pollen,31.125,467.4,316.0,99,29.7,146.7
Q25,saline-17740,61,pollen,31.175,467.7,316.3,97,29.7,146.5
Q25,saline-17740,61,pollen,31.225,467.9,316.2,98,29.8,146.6
Q25,saline-17740,78,pollen,29.525,560.9,315.7,20,47.1,146.8
Q25,saline-17740,78,pollen,29.575,560.2,315.7,37,47.0,146.8
Q25,saline-17740,78,pollen,29.625,559.2,315.8,52,46.8,146.7
Q25,saline-17740,78,pollen,29.675,558.9,316.0,68,46.8,146.5
Q25,saline-17740,78,pollen,29.725,557.9,316.6,77,46.6,145.9
Q25,saline-17740,78,pollen,29.775,556.2,317.4,81,46.3,145.2
Q25,saline-17740,78,pollen,29.825,553.9,318.3,103,45.9,144.4
Q25,saline-17740,78,pollen,29.875,552.2,318.2,94,45.6,144.4
Q25,saline-17740,78,pollen,29.925,550.3,320.1,59,45.3,142.7
Q25,saline-17740,78,pollen,29.975,548.9,320.7,72,45.0,142.1
Q25,saline-17740,78,pollen,30.025,546.4,321.1,67,44.6,141.8
Q25,saline-17740,78,pollen,30.075,545.0,321.6,71,44.3,141.3
Q25,saline-17740,78,pollen,30.125,542.9,322.1,79,44.0,140.8
Q25,saline-17740,78,pollen,30.175,541.9,322.7,76,43.8,140.3
Q25,saline-17740,78,pollen,30.225,540.3,322.9,77,43.5,140.1
Q25,saline-17740,78,pollen,30.275,538.9,323.2,75,43.2,139.8
Q25,saline-17740,78,pollen,30.325,537.8,323.5,78,43.0,139.5
Q25,saline-17740,78,pollen,30.375,537.1,323.8,76,42.9,139.3
Q25,saline-17740,78,pollen,30.425,535.7,323.9,84,42.7,139.2
Q25,saline-17740,78,pollen,30.475,534.5,324.1,91,42.4,138.9
Q25,saline-17740,78,pollen,30.525,533.7,324.1,91,42.3,139.0
Q25,saline-17740,78,pollen,30.575,532.2,324.9,91,42.1,138.2
Q25,saline-17740,78,pollen,30.625,531.3,325.3,84,41.9,137.9
Q25,saline-17740,78,pollen,30.675,530.0,325.3,88,41.7,137.9
Q25,saline-17740,78,pollen,30.725,529.4,325.4,83,41.6,137.8
Q25,saline-17740,78,pollen,30.775,528.0,325.4,89,41.3,137.8
Q25,saline-17740,78,pollen,30.825,527.3,326.1,96,41.2,137.2
Q25,saline-17740,78,pollen,30.875,525.5,326.5,99,40.9,136.8
Q25,saline-17740,78,pollen,30.925,525.2,326.8,97,40.8,136.5
Q25,saline-17740,78,pollen,30.975,523.2,327.5,86,40.5,135.9
Q25,saline-17740,78,pollen,31.025,523.1,327.8,87,40.5,135.6
Q25,saline-17740,78,pollen,31.075,521.0,327.8,93,40.1,135.7
Q25,saline-17740,78,pollen,31.125,520.7,328.5,92,40.1,135.0
Q25,saline-17740,78,pollen,31.175,519.3,329.2,87,39.8,134.3
Q25,saline-17740,78,pollen,31.225,518.9,329.2,92,39.8,134.3
Q26,saline-18070,78,pollen,20.875,514.3,340.1,32,37.6,164.6
Q26,saline-18070,78,pollen,20.925,514.4,340.1,33,37.6,164.6
Q26,saline-18070,78,pollen,20.975,512.4,343.3,39,37.4,160.8
Q26,saline-18070,78,pollen,21.025,510.7,347.2,49,37.4,156.3
Q26,saline-18070,78,pollen,21.075,507.6,348.0,40,36.8,155.4
Q26,saline-18070,78,pollen,21.125,507.0,348.0,35,36.6,155.5
Q26,saline-18070,78,pollen,21.175,503.5,348.8,41,35.9,154.6
Q26,saline-18070,78,pollen,21.225,502.5,348.4,43,35.7,155.0
Q26,saline-18070,78,pollen,21.275,500.1,348.4,50,35.1,155.0
Q26,saline-18070,78,pollen,21.325,498.7,348.4,48,34.8,155.1
Q26,saline-18070,78,pollen,21.375,496.4,348.4,54,34.3,155.0
Q26,saline-18070,78,pollen,21.425,494.8,348.4,49,34.0,155.2
Q26,saline-18070,78,pollen,21.475,492.5,347.7,59,33.4,156.0
Q26,saline-18070,78,pollen,21.525,491.2,347.8,50,33.1,155.8
Q26,saline-18070,78,pollen,21.575,489.8,347.5,53,32.8,156.2
Q26,saline-18070,78,pollen,21.625,488.3,347.1,55,32.4,156.6
Q26,saline-18070,78,pollen,21.675,486.2,347.1,52,32.0,156.7
Q26,saline-18070,78,pollen,21.725,484.3,346.7,51,31.5,157.2
Q26,saline-18070,78,pollen,21.775,483.4,346.6,44,31.3,157.3
Q26,saline-18070,78,pollen,21.825,482.0,346.6,50,31.0,157.3
Q26,saline-18070,78,pollen,21.875,479.7,346.1,38,30.4,157.9
Q26,saline-18070,78,pollen,21.925,479.3,346.0,39,30.4,158.0
Q26,saline-18070,78,pollen,21.975,477.7,345.4,41,30.0,158.7
Q26,saline-18070,78,pollen,22.025,476.9,345.3,44,29.8,158.8
Q26,saline-18070,78,pollen,22.075,475.8,345.2,44,29.5,159.0
Q26,saline-18070,78,pollen,22.125,474.8,345.4,51,29.3,158.7
Q26,saline-18070,78,pollen,22.175,472.9,345.4,52,28.9,158.7
Q26,saline-18070,78,pollen,22.225,472.6,345.7,48,28.8,158.4
Q26,saline-18070,78,pollen,22.275,470.6,345.7,48,28.4,158.4
Q26,saline-18070,78,pollen,22.325,469.5,345.0,47,28.1,159.2
Q26,saline-18070,78,pollen,22.375,468.4,345.1,60,27.8,159.2
Q26,saline-18070,78,pollen,22.425,467.5,345.0,47,27.7,159.2
Q26,saline-18070,78,pollen,22.475,467.2,345.3,45,27.6,158.9
Q26,saline-18070,78,pollen,22.525,465.7,345.1,44,27.3,159.2
Q26,saline-18070,78,pollen,22.575,465.6,345.0,46,27.2,159.2
Q26,saline-18070,78,pollen,22.625,465.1,345.5,46,27.2,158.7
Q26,saline-18070,78,pollen,22.675,463.6,345.5,40,26.8,158.7
Q26,saline-18070,78,pollen,22.725,463.4,345.7,39,26.8,158.5
Q26,saline-18070,78,pollen,22.775,461.7,345.4,40,26.4,158.9
Q26,saline-18070,78,pollen,22.825,461.8,345.5,38,26.4,158.7
Q26,saline-18070,78,pollen,22.875,460.6,345.6,47,26.2,158.7
Q26,saline-18070,78,pollen,22.925,460.3,345.6,44,26.1,158.6
Q26,saline-18070,78,pollen,22.975,458.8,345.5,44,25.8,158.8
Q26,saline-18070,78,pollen,23.025,456.6,345.3,26,25.3,158.9
Q26,saline-18070,92,pollen,21.675,779.3,540.3,103,87.8,5.0
Q26,saline-18070,92,pollen,21.725,787.8,543.8,102,89.0,3.2
Q26,saline-18070,92,pollen,21.775,797.3,541.6,94,90.4,4.3
Q26,saline-18070,92,pollen,21.825,803.0,540.6,106,91.3,4.8
Q26,saline-18070,92,pollen,21.875,813.8,539.7,127,92.9,5.2
Q26,saline-18070,92,pollen,21.925,819.5,539.1,117,93.8,5.6
Q26,saline-18070,92,pollen,21.975,830.9,538.6,107,95.5,5.8
Q26,saline-18070,92,pollen,22.025,836.0,538.4,109,96.3,5.8
Q26,saline-18070,92,pollen,22.075,847.0,537.3,106,98.0,6.4
Q26,saline-18070,92,pollen,22.125,852.1,536.5,109,98.8,6.8
Q26,saline-18070,92,pollen,22.175,862.2,535.7,115,100.3,7.3
Q26,saline-18070,92,pollen,22.225,867.9,535.0,120,101.2,7.6
Q26,saline-18070,92,pollen,22.275,878.3,534.0,111,102.8,8.1
Q26,saline-18070,92,pollen,22.325,883.0,533.7,110,103.5,8.3
Q26,saline-18070,92,pollen,22.375,892.4,532.7,104,105.0,8.8
Q26,saline-18070,92,pollen,22.425,897.6,532.3,109,105.8,9.0
Q26,saline-18070,92,pollen,22.475,907.3,531.9,117,107.2,9.1
Q26,saline-18070,92,pollen,22.525,912.0,532.0,122,107.9,9.1
Q26,saline-18070,92,pollen,22.575,921.9,530.9,116,109.5,9.7
Q26,saline-18070,92,pollen,22.625,926.5,530.5,115,110.2,9.9
Q26,saline-18070,92,pollen,22.675,936.2,530.4,124,111.7,9.9
Q26,saline-18070,92,pollen,22.725,940.9,529.6,113,112.4,10.3
Q26,saline-18070,92,pollen,22.775,950.5,528.8,123,113.9,10.7
Q26,saline-18070,92,pollen,22.825,955.0,528.6,114,114.6,10.8
Q26,saline-18070,92,pollen,22.875,964.3,528.7,118,116.0,10.8
Q26,saline-18070,92,pollen,22.925,968.4,528.5,117,116.6,10.8
Q26,saline-18070,92,pollen,22.975,977.4,528.1,109,118.0,11.0
Q26,saline-18070,92,pollen,23.025,981.5,527.4,105,118.7,11.4
Q26,saline-18070,92,pollen,23.075,990.7,526.3,141,120.2,12.0
Q26,saline-18070,92,pollen,23.125,994.7,525.7,137,120.8,12.3
Q26,saline-18070,92,pollen,23.175,994.8,525.3,125,120.9,12.5
Q26,saline-18070,92,pollen,23.225,993.7,525.5,128,120.7,12.4
Q26,saline-18070,92,pollen,23.275,992.3,525.5,121,120.5,12.4
Q26,saline-18070,92,pollen,23.325,990.9,525.7,131,120.2,12.3
Q26,saline-18070,92,pollen,23.375,989.5,525.4,138,120.1,12.4
Q26,saline-18070,92,pollen,23.425,988.8,525.4,140,119.9,12.5
Q26,saline-18070,92,pollen,23.475,987.8,525.2,140,119.8,12.6
Q26,saline-18070,92,pollen,23.525,987.0,524.9,147,119.7,12.8
Q26,saline-18070,92,pollen,23.575,985.8,524.7,125,119.6,12.9
Q26,saline-18070,92,pollen,23.625,985.2,524.7,127,119.5,12.9
Q26,saline-18070,92,pollen,23.675,984.1,525.1,126,119.3,12.7
Q26,saline-18070,92,pollen,23.725,983.1,525.0,122,119.1,12.7
Q26,saline-18070,92,pollen,23.775,981.7,525.2,129,118.9,12.6
Q26,saline-18070,92,pollen,23.825,981.2,525.8,135,118.8,12.3
Q26,saline-18070,92,pollen,23.875,979.6,525.4,137,118.6,12.5
Q26,saline-18070,92,pollen,23.925,978.8,525.9,126,118.4,12.2
Q26,saline-18070,92,pollen,23.975,977.4,526.1,134,118.2,12.1
Q26,saline-18070,92,pollen,24.025,976.7,526.1,120,118.1,12.1
Q26,saline-18070,92,pollen,24.075,975.4,526.3,122,117.9,12.0
Q26,saline-18070,92,pollen,24.125,975.0,526.3,113,117.8,12.0
Q26,saline-18070,92,pollen,24.175,973.8,526.5,120,117.6,11.9
Q26,saline-18070,92,pollen,24.225,972.8,526.7,104,117.4,11.8
Q26,saline-18070,92,pollen,24.275,971.9,526.9,108,117.3,11.7
Q26,saline-18070,92,pollen,24.325,970.5,526.4,110,117.1,12.0
Q26,saline-18070,92,pollen,24.375,969.7,526.9,109,117.0,11.7
Q26,saline-18070,92,pollen,24.425,969.2,527.1,108,116.9,11.6
Q26,saline-18070,92,pollen,24.475,968.2,526.9,109,116.7,11.7
Q26,saline-18070,92,pollen,24.525,967.9,526.9,111,116.7,11.7
Q26,saline-18070,92,pollen,24.575,967.3,526.5,126,116.6,11.9
Q26,saline-18070,92,pollen,24.625,966.7,526.9,124,116.5,11.7
Q26,saline-18070,92,pollen,24.675,966.5,527.3,126,116.4,11.5
Q26,saline-18070,92,pollen,24.725,966.5,527.3,126,116.4,11.5
Q26,saline-18070,92,pollen,24.775,966.5,527.3,126,116.4,11.5
Q26,saline-18070,92,pollen,24.825,966.5,527.4,123,116.4,11.4
Q26,saline-18070,105,red,22.775,309.0,507.6,47,14.3,24.9
Q26,saline-18070,105,red,22.825,310.0,507.2,41,14.5,25.1
Q26,saline-18070,105,red,22.875,312.9,507.9,41,15.0,24.7
Q26,saline-18070,105,red,22.925,315.5,508.1,46,15.4,24.6
Q26,saline-18070,105,red,22.975,318.0,508.5,65,15.9,24.3
Q26,saline-18070,105,red,23.025,319.7,508.3,62,16.1,24.4
Q26,saline-18070,105,red,23.075,323.2,509.0,72,16.7,24.0
Q26,saline-18070,105,red,23.125,325.2,509.3,73,17.1,23.8
Q26,saline-18070,105,red,23.175,327.5,509.2,90,17.4,23.9
Q26,saline-18070,105,red,23.225,329.6,509.5,85,17.8,23.7
Q26,saline-18070,105,red,23.275,332.7,509.5,100,18.3,23.7
Q26,saline-18070,105,red,23.325,334.2,509.5,96,18.5,23.7
Q26,saline-18070,105,red,23.375,337.9,509.7,90,19.1,23.6
Q26,saline-18070,105,red,23.425,339.8,509.6,85,19.4,23.6
Q26,saline-18070,105,red,23.475,342.2,509.8,87,19.8,23.5
Q26,saline-18070,105,red,23.525,344.0,509.7,90,20.1,23.5
Q26,saline-18070,105,red,23.575,347.1,509.8,77,20.6,23.5
Q26,saline-18070,105,red,23.625,347.9,509.9,76,20.8,23.4
Q26,saline-18070,105,red,23.675,351.0,509.8,73,21.2,23.5
Q26,saline-18070,105,red,23.725,351.8,509.7,68,21.4,23.5
Q26,saline-18070,105,red,23.775,356.4,510.3,48,22.1,23.1
Q26,saline-18070,105,red,23.825,359.4,509.9,58,22.6,23.3
Q26,saline-18070,105,red,23.875,361.9,509.7,37,23.0,23.5
Q26,saline-18070,105,red,23.925,361.5,509.9,58,22.9,23.3
Q26,saline-18070,105,red,23.975,364.4,509.8,62,23.4,23.4
Q26,saline-18070,105,red,24.025,365.7,509.8,62,23.6,23.4
Q26,saline-18070,105,red,24.075,369.1,509.8,38,24.1,23.4
Q26,saline-18070,105,red,24.125,369.7,510.0,33,24.2,23.3
Q26,saline-18070,105,red,24.175,372.9,509.8,47,24.7,23.4
Q26,saline-18070,105,red,24.225,374.2,509.6,45,24.9,23.5
Q26,saline-18070,105,red,24.275,377.4,509.6,44,25.4,23.5
Q26,saline-18070,105,red,24.325,378.5,509.8,44,25.6,23.4
Q26,saline-18070,105,red,24.375,381.0,509.7,29,26.0,23.4
Q26,saline-18070,105,red,24.425,382.0,509.7,29,26.2,23.4
Q26,saline-18070,105,red,24.475,384.7,509.1,24,26.5,23.8
Q26,saline-18070,105,red,24.525,386.4,509.0,26,26.8,23.8
Q26,saline-18070,105,red,24.575,389.6,507.8,33,27.2,24.5
Q26,saline-18070,105,red,24.625,392.8,507.9,27,27.7,24.5
Q26,saline-18070,105,red,24.775,396.0,507.4,35,28.2,24.8
Q26,saline-18070,105,red,24.825,397.6,507.3,39,28.5,24.8
Q29,saline-19450,109,pollen,19.175,1162.7,513.8,241,135.1,4.4
Q29,saline-19450,109,pollen,19.225,1153.1,514.0,240,133.7,4.4
Q29,saline-19450,109,pollen,19.275,1149.7,513.6,262,133.3,4.6
Q29,saline-19450,109,pollen,19.325,1147.0,513.1,263,132.9,4.9
Q29,saline-19450,109,pollen,19.375,1144.5,512.3,253,132.7,5.3
Q29,saline-19450,109,pollen,19.425,1142.3,511.6,256,132.4,5.7
Q29,saline-19450,109,pollen,19.475,1140.0,511.3,250,132.1,5.8
Q29,saline-19450,109,pollen,19.525,1137.9,510.8,263,131.9,6.1
Q29,saline-19450,109,pollen,19.575,1136.1,509.6,249,131.7,6.8
Q29,saline-19450,109,pollen,19.625,1134.3,509.4,247,131.5,6.9
Q29,saline-19450,109,pollen,19.675,1132.6,508.8,238,131.3,7.2
Q29,saline-19450,109,pollen,19.725,1131.6,507.7,248,131.3,7.8
Q29,saline-19450,109,pollen,19.775,1130.5,507.1,235,131.2,8.1
Q29,saline-19450,109,pollen,19.825,1129.8,506.7,244,131.1,8.3
Q29,saline-19450,109,pollen,19.875,1128.6,505.9,246,131.0,8.8
Q29,saline-19450,109,pollen,19.925,1128.3,505.4,246,131.0,9.0
Q29,saline-19450,109,pollen,19.975,1128.1,504.8,253,131.0,9.4
Q29,saline-19450,109,pollen,20.025,1127.4,504.3,244,131.0,9.6
Q29,saline-19450,109,pollen,20.075,1126.8,503.7,253,131.0,10.0
Q29,saline-19450,109,pollen,20.125,1126.4,503.2,250,130.9,10.2
Q29,saline-19450,109,pollen,20.175,1126.1,502.8,233,131.0,10.5
Q29,saline-19450,109,pollen,20.225,1125.7,501.8,231,131.0,11.0
Q29,saline-19450,109,pollen,20.275,1125.3,501.5,239,131.0,11.2
Q29,saline-19450,109,pollen,20.325,1124.7,501.1,226,130.9,11.4
Q29,saline-19450,109,pollen,20.375,1124.5,499.8,236,131.0,12.1
Q29,saline-19450,109,pollen,20.425,1124.3,499.4,225,131.0,12.3
Q29,saline-19450,109,pollen,20.475,1123.0,498.5,230,130.9,12.8
Q29,saline-19450,109,pollen,20.525,1122.5,497.8,239,130.9,13.2
Q29,saline-19450,109,pollen,20.575,1121.8,497.1,236,130.9,13.6
Q29,saline-19450,109,pollen,20.625,1121.3,495.9,234,130.9,14.3
Q29,saline-19450,109,pollen,20.675,1121.6,495.7,237,131.0,14.4
Q29,saline-19450,109,pollen,20.725,1121.6,495.6,237,131.0,14.4
Q29,saline-19450,109,pollen,20.775,1121.7,495.4,233,131.0,14.5
Q29,saline-19450,109,pollen,20.825,1121.2,495.0,229,131.0,14.8
Q29,saline-19450,109,pollen,20.875,1120.5,494.3,236,130.9,15.2
Q29,saline-19450,109,pollen,20.925,1120.6,494.0,239,131.0,15.3
Q29,saline-19450,109,pollen,20.975,1120.8,493.6,231,131.0,15.5
Q29,saline-19450,109,pollen,21.025,1121.2,493.5,234,131.1,15.6
Q29,saline-19450,109,pollen,21.075,1121.9,493.3,239,131.2,15.7
Q29,saline-19450,109,pollen,21.125,1122.1,493.4,241,131.2,15.7
Q29,saline-19450,109,pollen,21.175,1123.1,493.3,245,131.4,15.7
Q29,saline-19450,109,pollen,21.225,1123.6,493.1,250,131.5,15.8
Q29,saline-19450,109,pollen,21.275,1124.8,493.2,248,131.6,15.8
Q29,saline-19450,109,pollen,21.325,1125.4,492.7,262,131.8,16.0
Q29,saline-19450,109,pollen,21.375,1126.6,492.5,281,132.0,16.2
Q29,saline-19450,109,pollen,21.425,1127.3,492.2,262,132.1,16.3
Q29,saline-19450,109,pollen,21.475,1128.4,492.2,270,132.3,16.3
Q29,saline-19450,109,pollen,21.525,1129.3,492.0,263,132.4,16.4
Q29,saline-19450,109,pollen,21.575,1130.9,492.4,250,132.6,16.2
Q29,saline-19450,109,pollen,21.625,1133.7,492.9,227,132.9,15.9
Q29,saline-19450,109,pollen,21.675,1134.7,492.6,225,133.1,16.1
Q29,saline-19450,109,pollen,21.725,1135.5,492.4,211,133.3,16.2
Q29,saline-19450,121,red,20.275,882.1,489.0,55,97.0,18.9
Q29,saline-19450,121,red,20.325,885.5,490.2,119,97.5,18.2
Q29,saline-19450,121,red,20.375,886.8,491.1,153,97.6,17.7
Q29,saline-19450,121,red,20.425,889.6,491.3,216,98.0,17.6
Q29,saline-19450,121,red,20.475,894.1,492.5,220,98.6,16.9
Q29,saline-19450,121,red,20.525,898.4,493.0,228,99.2,16.6
Q29,saline-19450,121,red,20.575,902.8,494.8,198,99.7,15.6
Q29,saline-19450,121,red,20.625,906.0,494.9,222,100.2,15.5
Q29,saline-19450,121,red,20.675,911.2,495.9,219,100.9,15.0
Q29,saline-19450,121,red,20.725,915.2,496.4,226,101.4,14.6
Q29,saline-19450,121,red,20.775,920.1,496.7,248,102.1,14.4
Q29,saline-19450,121,red,20.825,924.0,497.7,232,102.6,13.9
Q29,saline-19450,121,red,20.875,928.8,499.0,261,103.2,13.1
Q29,saline-19450,121,red,20.925,933.4,499.4,256,103.9,13.0
Q29,saline-19450,121,red,20.975,938.6,499.8,264,104.6,12.7
Q29,saline-19450,121,red,21.025,942.7,500.4,266,105.1,12.4
Q29,saline-19450,121,red,21.075,946.8,501.3,293,105.7,11.8
Q29,saline-19450,121,red,21.125,951.1,501.4,292,106.3,11.8
Q29,saline-19450,121,red,21.175,956.2,501.9,290,106.9,11.5
Q29,saline-19450,121,red,21.225,959.8,501.9,273,107.5,11.5
Q29,saline-19450,121,red,21.275,964.5,502.2,306,108.1,11.3
Q29,saline-19450,121,red,21.325,968.5,502.9,314,108.6,10.9
Q29,saline-19450,121,red,21.375,972.7,503.2,305,109.2,10.7
Q29,saline-19450,121,red,21.425,977.8,503.9,291,109.9,10.3
Q29,saline-19450,121,red,21.475,981.6,504.8,287,110.4,9.8
Q29,saline-19450,121,red,21.525,985.4,505.3,287,110.9,9.5
Q29,saline-19450,121,red,21.575,990.6,505.4,305,111.6,9.5
Q29,saline-19450,121,red,21.625,994.2,506.0,287,112.1,9.1
Q29,saline-19450,121,red,21.675,999.4,507.4,302,112.7,8.4
Q29,saline-19450,121,red,21.725,1003.1,507.5,288,113.2,8.3
